"","X","term","estimate_AF","std.error_AF","statistic_AF","p.value_AF","estimate_CAD","std.error_CAD","statistic_CAD","p.value_CAD","estimate_COPD","std.error_COPD","statistic_COPD","p.value_COPD","estimate_T2D","std.error_T2D","statistic_T2D","p.value_T2D","estimate_f.50.0.0","std.error_f.50.0.0","statistic_f.50.0.0","p.value_f.50.0.0","estimate_f.4080.0.0","std.error_f.4080.0.0","statistic_f.4080.0.0","p.value_f.4080.0.0","estimate_f.21001.0.0","std.error_f.21001.0.0","statistic_f.21001.0.0","p.value_f.21001.0.0","estimate_f.30740.0.0","std.error_f.30740.0.0","statistic_f.30740.0.0","p.value_f.30740.0.0","estimate_f.30760.0.0","std.error_f.30760.0.0","statistic_f.30760.0.0","p.value_f.30760.0.0","estimate_f.30690.0.0","std.error_f.30690.0.0","statistic_f.30690.0.0","p.value_f.30690.0.0","estimate_f.30870.0.0","std.error_f.30870.0.0","statistic_f.30870.0.0","p.value_f.30870.0.0","estimate_fev1_inst1","std.error_fev1_inst1","statistic_fev1_inst1","p.value_fev1_inst1","category","fieldname"
"1","0","0",NA,NA,NA,NA,NA,NA,NA,NA,NA,NA,NA,NA,NA,NA,NA,NA,NA,NA,NA,NA,NA,NA,NA,NA,NA,NA,NA,NA,NA,NA,NA,NA,NA,NA,NA,NA,NA,NA,NA,NA,NA,NA,NA,NA,NA,NA,NA,NA,NA,NA
"2","1050","f.1050.0.0",NA,NA,NA,NA,NA,NA,NA,NA,NA,NA,NA,NA,-0.0151693625857197,0.00766493962988555,-1.97905832507466,0.0478094398851886,-0.0359763352992228,0.0108553863502246,-3.31414600443754,0.000919772718716865,NA,NA,NA,NA,NA,NA,NA,NA,NA,NA,NA,NA,NA,NA,NA,NA,0.0067684463386417,0.00175584777370819,3.8548024720545,0.000115923394368344,NA,NA,NA,NA,-0.00261081890349436,0.000993672848936697,-2.62744313310778,0.008605179079525,"physical activity","Time spend outdoors in summer"
"3","1070","f.1070.0.0",0.0530718912224727,0.0102962494230855,5.15448772088592,2.54325224228182e-07,NA,NA,NA,NA,0.0630247146727282,0.0120789954114709,5.21771161638793,1.81147209239577e-07,0.0759845877816655,0.0101223694258878,7.50660093350636,6.06823534022398e-14,-0.0980904260206604,0.0176417354635462,-5.56013472843126,2.70697145776822e-08,0.535521978649097,0.0468234814983106,11.4370388854665,2.9071723029384e-30,0.44717464769563,0.0128934066486844,34.6824279944089,7.99251264639586e-261,0.0262538943712933,0.00290767812277365,9.02916115978121,1.77418929337116e-19,-0.0172741728876984,0.00103882241499241,-16.6286100861855,6.21066475777948e-62,NA,NA,NA,NA,0.0473064218608224,0.00300089692790753,15.7640942015987,7.32169293053851e-56,-0.0121668127136132,0.00162520305596966,-7.4863338885085,7.18204751918345e-14,"physical activity","Time spent watching television (TV)"
"4","1080","f.1080.0.0",NA,NA,NA,NA,NA,NA,NA,NA,NA,NA,NA,NA,0.061206409896303,0.012183051945572,5.02389796659687,5.06331443065308e-07,0.135991779202493,0.0196081003328855,6.93548976666629,4.08849977859757e-12,-0.249064807497121,0.053697264127805,-4.63831466169898,3.51903559551752e-06,0.229259572957172,0.0141596412407689,16.1910580260382,7.91071777187273e-59,0.017598304912046,0.00335906174400454,5.23905371595402,1.61886656669369e-07,-0.0115302069741419,0.00116003454400175,-9.93953760580814,2.93571321958072e-23,NA,NA,NA,NA,0.0243792304499533,0.00330267355824112,7.38166519337648,1.58560135908819e-13,NA,NA,NA,NA,"physical activity","Time spent using computer"
"5","1090","f.1090.0.0",NA,NA,NA,NA,NA,NA,NA,NA,NA,NA,NA,NA,0.0681115735190582,0.0133012431762932,5.12069230043501,3.04416011111968e-07,NA,NA,NA,NA,NA,NA,NA,NA,0.230672302189305,0.0164755831663365,14.0008581098739,1.82728891233795e-44,NA,NA,NA,NA,-0.0103093292269288,0.00134982671775147,-7.63752049900304,2.25146101210912e-14,NA,NA,NA,NA,0.0312732658271823,0.00385351553972727,8.11551569074395,4.93815126883998e-16,NA,NA,NA,NA,"physical activity","Time spent driving"
"6","1160","f.1160.0.0",NA,NA,NA,NA,NA,NA,NA,NA,NA,NA,NA,NA,NA,NA,NA,NA,0.141819253092676,0.0226987550515787,6.24788684535419,4.18793783774536e-10,NA,NA,NA,NA,-0.0765899020557587,0.0163351336269793,-4.68866088302223,2.75638762890076e-06,NA,NA,NA,NA,NA,NA,NA,NA,NA,NA,NA,NA,NA,NA,NA,NA,NA,NA,NA,NA,"sleep","Sleep duration"
"7","1269","f.1269.0.0",NA,NA,NA,NA,NA,NA,NA,NA,NA,NA,NA,NA,NA,NA,NA,NA,NA,NA,NA,NA,NA,NA,NA,NA,0.01960659759737,0.00439300701361929,4.46313824143354,8.09235293861605e-06,NA,NA,NA,NA,-0.00101325274314685,0.000351747641240833,-2.88062413033526,0.00397047647092483,NA,NA,NA,NA,NA,NA,NA,NA,-0.0015972037430527,0.000536197747352874,-2.97875877125156,0.00289537937130246,"smoking","Exposure to tobacco smoke at home"
"8","1279","f.1279.0.0",NA,NA,NA,NA,NA,NA,NA,NA,NA,NA,NA,NA,NA,NA,NA,NA,NA,NA,NA,NA,NA,NA,NA,NA,0.0358823723595866,0.0085809551484665,4.1816291705008,2.89862691406727e-05,NA,NA,NA,NA,NA,NA,NA,NA,NA,NA,NA,NA,0.00430618790104201,0.00197019823100228,2.18566225128086,0.0288445986220678,-0.00274133371353585,0.00109374630132771,-2.50637072802726,0.0122004719657642,"smoking","Exposure to tobacco smoke outside home"
"9","1289","f.1289.0.0",NA,NA,NA,NA,NA,NA,NA,NA,NA,NA,NA,NA,NA,NA,NA,NA,0.0876480216793568,0.0146952921541182,5.96436061019681,2.46947976627965e-09,NA,NA,NA,NA,0.0652791509512331,0.0104917196409529,6.22196867484194,4.94381370805198e-10,NA,NA,NA,NA,NA,NA,NA,NA,-0.0076419717240373,0.00238200556159426,-3.20820901816979,0.00133622684500249,NA,NA,NA,NA,NA,NA,NA,NA,"diet","Cooked vegetable intake"
"10","1299","f.1299.0.0",NA,NA,NA,NA,NA,NA,NA,NA,NA,NA,NA,NA,NA,NA,NA,NA,NA,NA,NA,NA,NA,NA,NA,NA,NA,NA,NA,NA,NA,NA,NA,NA,NA,NA,NA,NA,NA,NA,NA,NA,-0.00434186729568076,0.00214896889985823,-2.02044212736964,0.0433424671256338,0.00528174186793844,0.00118805780054841,4.44569436394457,8.77702603023225e-06,"diet","Salad / raw vegetable intake"
"11","1309","f.1309.0.0",NA,NA,NA,NA,NA,NA,NA,NA,NA,NA,NA,NA,NA,NA,NA,NA,0.0602511848581273,0.0176754411209405,3.40875141083445,0.000653033019838339,NA,NA,NA,NA,NA,NA,NA,NA,NA,NA,NA,NA,-0.0102110287686808,0.00102440213869538,-9.96779329422811,2.21100786790528e-23,-0.0278501713580547,0.00286046020888774,-9.73625547089292,2.18007381730181e-22,NA,NA,NA,NA,0.00515363946999031,0.00161767655281071,3.18582813173368,0.0014441649826394,"diet","Fresh fruit intake"
"12","1319","f.1319.0.0",NA,NA,NA,NA,NA,NA,NA,NA,NA,NA,NA,NA,-0.0295166316752837,0.0133511220509659,-2.21079783126904,0.0270498400969639,NA,NA,NA,NA,NA,NA,NA,NA,-0.123869216281052,0.0114515942647312,-10.8167660692053,3.04875269593049e-27,NA,NA,NA,NA,0.00421136120587018,0.000935495502518635,4.50174393626899,6.75414276560901e-06,NA,NA,NA,NA,-0.00977183099611934,0.00263879561406789,-3.70314053275818,0.000213158434668086,0.00962204351300277,0.00146877364101653,6.55107311589782,5.75999294428463e-11,"diet","Dried fruit intake"
"13","1418","f.1418.0.0Never/rarely have milk",NA,NA,NA,NA,NA,NA,NA,NA,NA,NA,NA,NA,NA,NA,NA,NA,-0.226502073099444,0.15784918583309,-1.43492709135001,0.151313026127025,0.350622329306659,0.425873828206097,0.823300954612735,0.410339709589008,0.138174133506976,0.114114112402486,1.21084176705182,0.225961109974132,NA,NA,NA,NA,0.0118405030277104,0.00933297801385242,1.2686736227318,0.204563063282611,0.0325405087911081,0.0252049637626612,1.29103573000624,0.19669542357443,-0.00803269576929029,0.0260752195127603,-0.308058605809987,0.758038924763078,-0.0342034001504614,0.0144391164100749,-2.36880146811448,0.0178490778694926,"diet","Milk type used"
"14","1418","f.1418.0.0Other type of milk",NA,NA,NA,NA,NA,NA,NA,NA,NA,NA,NA,NA,NA,NA,NA,NA,-0.517083574326201,0.256663958583644,-2.01463258487728,0.0439475612938271,-0.780427930684191,0.690905921145505,-1.12957192404758,0.258660564420866,-0.191404134940689,0.18520786161317,-1.03345577921774,0.301395070072413,NA,NA,NA,NA,-0.00141817744981054,0.0149725897760927,-0.0947182465437608,0.924538982392433,0.0281701441196179,0.0411139594877829,0.685172249780241,0.493237433436002,-0.0654463542654716,0.042622146332134,-1.53550113960662,0.124666627861003,-0.0681309625975001,0.0235233762355618,-2.89630884254201,0.00377721258601629,"diet","Milk type used"
"15","1418","f.1418.0.0Full cream",NA,NA,NA,NA,NA,NA,NA,NA,NA,NA,NA,NA,NA,NA,NA,NA,-0.00748672262616041,0.111107570190706,-0.0673826510048789,0.946277302183555,-0.418669810427755,0.298998624692557,-1.40023992036167,0.161445970964406,-0.902097075264295,0.0824200653594088,-10.9451147767297,7.47899394665317e-28,NA,NA,NA,NA,0.022021468403579,0.00669087539355653,3.29126864696751,0.000998017323218167,0.0812568302874355,0.017841796234146,4.55429650810182,5.26469845293891e-06,-0.052624621818729,0.0191345596324272,-2.75023950535796,0.00595715116836532,0.000240566284900818,0.010398418209731,0.0231348922546405,0.981542752497897,"diet","Milk type used"
"16","1418","f.1418.0.0Skimmed",NA,NA,NA,NA,NA,NA,NA,NA,NA,NA,NA,NA,NA,NA,NA,NA,-0.390723385073864,0.0637072916981433,-6.13310305082786,8.67112226905794e-10,-0.0685597849170828,0.174313050498303,-0.393314124909714,0.694088699325992,0.44512514525867,0.0448718580833697,9.91991783428378,3.56229592055805e-23,NA,NA,NA,NA,-0.024059356673185,0.00365771269488796,-6.57770543509623,4.8219122564038e-11,-0.0818129939466698,0.0105291606227041,-7.77013447494151,7.94315252687588e-15,-0.00746907323486264,0.010443384556375,-0.715196610308033,0.474490651012598,-0.011026009472338,0.00567329797870049,-1.94349204179534,0.0519615532166637,"diet","Milk type used"
"17","1418","f.1418.0.0Soya",NA,NA,NA,NA,NA,NA,NA,NA,NA,NA,NA,NA,NA,NA,NA,NA,0.00404880363046691,0.142051237578915,0.028502417152245,0.977261533891512,-1.2282487392885,0.386859526840359,-3.17492178445265,0.00149942578460312,-0.697381921693819,0.0993780102789076,-7.01746714123772,2.28456199983258e-12,NA,NA,NA,NA,0.00409187811149538,0.00816942453338284,0.500877154170979,0.616459660870189,-0.0234220571866569,0.0231763592042103,-1.01060123293231,0.312210713659374,-0.0441660009478261,0.0226390317494718,-1.95087852857738,0.051076654893435,0.0137100883087993,0.0126418844890404,1.08449719823694,0.278148903864641,"diet","Milk type used"
"18","1428","f.1428.0.0Do not know",NA,NA,NA,NA,NA,NA,NA,NA,NA,NA,NA,NA,NA,0,NA,NA,NA,NA,NA,NA,NA,NA,NA,NA,NA,NA,NA,NA,NA,NA,NA,NA,NA,NA,NA,NA,NA,NA,NA,NA,NA,NA,NA,NA,NA,NA,NA,NA,"diet","Spread type"
"19","1428","f.1428.0.0Butter/spreadable butter",NA,NA,NA,NA,NA,NA,NA,NA,NA,NA,NA,NA,-0.0852081004132609,0.0415919504837745,-2.04866805769308,0.0404945846910544,0.5536002280469,0.0552647911431805,10.0172318866207,1.33563008487344e-23,NA,NA,NA,NA,0.186377688043306,0.0393832761432008,4.7324069070745,2.22408272541393e-06,0.00585532582100904,0.00959423464360666,0.610296291316042,0.541667613377897,0.0238697058641344,0.00322119841336704,7.41019421997789,1.27984670570988e-13,0.111653647178253,0.00908626953814775,12.2881724683036,1.13572659712264e-34,-0.0184651833805146,0.00917244487022654,-2.01311467572315,0.0441075125972252,NA,NA,NA,NA,"diet","Spread type"
"20","1428","f.1428.0.0Never/rarely use spread",NA,NA,NA,NA,NA,NA,NA,NA,NA,NA,NA,NA,-0.367756561175779,0.080132761319097,-4.5893409277553,4.44647694322052e-06,0.0577122864464693,0.0897720942083282,0.642875572363725,0.520307268947884,NA,NA,NA,NA,-0.0299217732005788,0.0626889911775771,-0.477305068059244,0.633146745516678,-0.0926849038197571,0.0152482304936542,-6.07840390780617,1.22034470050839e-09,0.00666774733776156,0.00516062457155082,1.2920427063265,0.196347986381157,0.00826139879916841,0.0143935445823365,0.573965554621385,0.565992899375867,-0.0893846424819321,0.0146244626808344,-6.11199497941705,9.90636553413085e-10,NA,NA,NA,NA,"diet","Spread type"
"21","1428","f.1428.0.0Flora Pro-Active/Benecol",NA,NA,NA,NA,NA,NA,NA,NA,NA,NA,NA,NA,0.197751616160542,0.206068837648424,0.959638625700059,0.337237122076641,0.443391601283402,0.33837779743283,1.3103448413202,0.190084161722083,NA,NA,NA,NA,0.337452999980865,0.240717196574336,1.40186494684711,0.160961063301644,0.0610819238138455,0.0629763834583066,0.969917935257187,0.332090883999343,-0.0142810471351896,0.0198721415919569,-0.718646607317341,0.472361855336616,0.0292832125749226,0.0581914458843994,0.503221944907424,0.614809773387489,0.077691817770723,0.0555042377060501,1.3997456947734,0.161595221597208,NA,NA,NA,NA,"diet","Spread type"
"22","1428","f.1428.0.0Prefer not to answer",NA,NA,NA,NA,NA,NA,NA,NA,NA,NA,NA,NA,NA,0,NA,NA,NA,NA,NA,NA,NA,NA,NA,NA,NA,NA,NA,NA,NA,NA,NA,NA,NA,NA,NA,NA,NA,NA,NA,NA,NA,NA,NA,NA,NA,NA,NA,NA,"diet","Spread type"
"23","1438","f.1438.0.0",NA,NA,NA,NA,NA,NA,NA,NA,NA,NA,NA,NA,0.0124317466355737,0.00191323699775019,6.49775571463045,8.15270426293939e-11,0.0409620859753261,0.00316155906095782,12.9562931406748,2.43373123421516e-38,NA,NA,NA,NA,NA,NA,NA,NA,0.00279619159646332,0.000548910741544352,5.09407337993838,3.5139496769201e-07,-0.00141812828374436,0.000185213917596116,-7.65670475604748,1.93984896189897e-14,-0.00502324660929598,0.000513317507712689,-9.7858470319457,1.33770943508923e-22,0.00321090900835413,0.000531832298451646,6.0374464238111,1.57588888079166e-09,NA,NA,NA,NA,"diet","Bread intake"
"24","1448","f.1448.0.0Prefer not to answer",NA,NA,NA,NA,NA,NA,NA,NA,NA,0,NA,NA,NA,0,NA,NA,NA,NA,NA,NA,NA,NA,NA,NA,NA,NA,NA,NA,NA,NA,NA,NA,NA,NA,NA,NA,NA,NA,NA,NA,NA,NA,NA,NA,NA,NA,NA,NA,"diet","Bread type"
"25","1448","f.1448.0.0White",NA,NA,NA,NA,NA,NA,NA,NA,0.382799658410222,0.0587849901869407,6.51186054795435,7.42256140133628e-11,0.183395223390762,0.0449990680011222,4.0755338174157,4.59089096176533e-05,-0.446447332264862,0.0636563778476142,-7.01339515945447,2.35025362023643e-12,0.659744168988972,0.171354137492927,3.85017939246553,0.000118137502849251,0.504547821515754,0.045660480443793,11.0499893258206,2.34393207432701e-28,NA,NA,NA,NA,-0.0399629308323565,0.00370835033316984,-10.7764712721187,4.74278682798365e-27,NA,NA,NA,NA,0.0894292334963248,0.0105692140917111,8.46129454094979,2.70938768725842e-17,-0.0521698361402219,0.00578125047050179,-9.02397092227933,1.86761694377534e-19,"diet","Bread type"
"26","1448","f.1448.0.0Do not know",NA,NA,NA,NA,NA,NA,NA,NA,NA,0,NA,NA,NA,0,NA,NA,NA,NA,NA,NA,NA,NA,NA,NA,NA,NA,NA,NA,NA,NA,NA,NA,NA,NA,NA,NA,NA,NA,NA,NA,NA,NA,NA,NA,NA,NA,NA,NA,"diet","Bread type"
"27","1448","f.1448.0.0Other type of bread",NA,NA,NA,NA,NA,NA,NA,NA,0.0796686642831525,0.134865891452636,0.590725078261405,0.55470464190526,-0.0495937182027724,0.106795629746316,-0.464379659734936,0.642375760347691,0.0679879531283461,0.130968690469605,0.519116079458124,0.603681688314292,-0.11439488463564,0.350700415273313,-0.326189760985849,0.744281774578884,0.112493961789892,0.0933291220267796,1.20534683437409,0.228074475559611,NA,NA,NA,NA,-0.0193099510592662,0.00762434325860831,-2.53267073691419,0.0113225816435886,NA,NA,NA,NA,0.0101960454552616,0.0212878139985637,0.478961600094285,0.631967883500082,-0.0386478145023891,0.0118423568197398,-3.26352389905763,0.00110099378425996,"diet","Bread type"
"28","1448","f.1448.0.0Brown",NA,NA,NA,NA,NA,NA,NA,NA,0.214603932789852,0.0791873130000406,2.71007974206351,0.00672670336821932,-0.0144823964659027,0.0619909850449474,-0.233621008851562,0.815279216325321,-0.263070021904003,0.081593443242446,-3.22415639602705,0.00126411140739599,-0.0574871773610147,0.223307192299584,-0.257435404426612,0.796843440689519,0.184061598160346,0.0579929814049505,3.17385989996082,0.00150506739293342,NA,NA,NA,NA,-0.00929286921375845,0.00471184664018863,-1.97223507541545,0.0485879653631308,NA,NA,NA,NA,0.023166016269904,0.0135007170359006,1.71591006672474,0.0861842317498574,-0.0255624936162462,0.00737837314649055,-3.46451624344925,0.000531568558403647,"diet","Bread type"
"29","1458","f.1458.0.0",NA,NA,NA,NA,NA,NA,NA,NA,-0.0346061847754683,0.00893533125532647,-3.87296047416699,0.000107521270550362,NA,NA,NA,NA,0.0648561803772745,0.00954297224350834,6.79622435467034,1.08384487421198e-11,-0.318637553335383,0.0260080307145011,-12.2515063456044,1.7906763581283e-34,-0.0805099707413091,0.0068690612258676,-11.7206657640674,1.08682871226897e-31,-0.0082243598430358,0.00163079226580392,-5.04316829034106,4.59072584325432e-07,-0.0105262368053419,0.000558650787142888,-18.8422482301982,6.16781386765275e-79,-0.0258284327967096,0.00155870749673915,-16.5704167399869,1.48248562737656e-61,NA,NA,NA,NA,0.00629751643867774,0.000871658991722686,7.22474786410654,5.08168659100146e-13,"diet","Cereal intake"
"30","1488","f.1488.0.0",NA,NA,NA,NA,NA,NA,NA,NA,NA,NA,NA,NA,NA,NA,NA,NA,NA,NA,NA,NA,-0.108008114870605,0.0240142859602816,-4.4976608944045,6.88167280283055e-06,NA,NA,NA,NA,-0.00786364108227968,0.00155780479577786,-5.04789887898189,4.47857043265635e-07,NA,NA,NA,NA,NA,NA,NA,NA,-0.0123228693478667,0.0016097550676473,-7.65512070471496,1.96324628545033e-14,NA,NA,NA,NA,"diet","Tea intake"
"31","1498","f.1498.0.0",NA,NA,NA,NA,NA,NA,NA,NA,NA,NA,NA,NA,NA,NA,NA,NA,NA,NA,NA,NA,NA,NA,NA,NA,0.147661293846051,0.00916277627089446,16.115344245073,2.68497590239089e-58,NA,NA,NA,NA,NA,NA,NA,NA,0.0194347121278162,0.00200794363906217,9.67891316754954,3.82312495234857e-22,-0.00846144853392744,0.00225873862676164,-3.7460945829127,0.000179795268460123,NA,NA,NA,NA,"diet","Coffee intake"
"32","1528","f.1528.0.0",0.053181609267021,0.00730424551279188,7.28091753951649,3.31557310680006e-13,NA,NA,NA,NA,NA,NA,NA,NA,0.0494310028308575,0.0058827249650765,8.40273905788738,4.36183200983627e-17,0.0806452061183637,0.0120609558385732,6.68646889995608,2.30592427354527e-11,NA,NA,NA,NA,0.112105660842639,0.00857766913756529,13.0694783215269,5.60385823354911e-39,0.017497751175223,0.00208085687905452,8.40891622646026,4.21786351153637e-17,NA,NA,NA,NA,-0.00704778261692782,0.00197827446776197,-3.56259090019041,0.000367449184141827,NA,NA,NA,NA,NA,NA,NA,NA,"diet","Water intake"
"33","1707","f.1707.0.02",NA,NA,NA,NA,NA,NA,NA,NA,NA,NA,NA,NA,NA,NA,NA,NA,0.144618398850579,0.0842525981183583,1.71648592542415,0.0860782429548881,0.977695641486312,0.232387378051387,4.20718048322796,2.58902053334935e-05,-0.137872077690878,0.0599042893688086,-2.30153932453903,0.0213647791177801,NA,NA,NA,NA,NA,NA,NA,NA,NA,NA,NA,NA,-0.036224919283314,0.0139520588360993,-2.596385215176,0.00942358601028165,-0.0145062486535368,0.00761754503249058,-1.90432069540309,0.0568733595207453,"early life factors","Handedness (chirality/laterality)"
"34","1707","f.1707.0.03",NA,NA,NA,NA,NA,NA,NA,NA,NA,NA,NA,NA,NA,NA,NA,NA,-0.685617603047938,0.204008150166897,-3.36073633571523,0.000777828865434501,0.955590303763694,0.555195965905308,1.72117659789818,0.0852232550393239,0.491427618315868,0.146333657739238,3.35826785107481,0.000784842607890808,NA,NA,NA,NA,NA,NA,NA,NA,NA,NA,NA,NA,0.0420283265450042,0.0342125409937667,1.22844797037032,0.219284195831172,-0.0510671845134905,0.0185763680065598,-2.74904031269499,0.00597884745019798,"early life factors","Handedness (chirality/laterality)"
"35","1737","f.1737.0.0",NA,NA,NA,NA,NA,NA,NA,NA,NA,NA,NA,NA,NA,NA,NA,NA,0.0281030030468544,0.00759112671455041,3.70208588311239,0.000214023253928465,-0.0704856106431513,0.0207733992280376,-3.39307062216461,0.000691525453242717,NA,NA,NA,NA,NA,NA,NA,NA,NA,NA,NA,NA,NA,NA,NA,NA,NA,NA,NA,NA,0.0023980014448177,0.000684320919340479,3.50420596104061,0.000458315092521006,"sun expoure","Childhood sunburn occasions"
"36","20116","f.20116.0.0Previous",0.15724452500651,0.0388988339450604,4.04239688080618,5.29075824106956e-05,0.232848426558584,0.0483267413299351,4.81821079076877,1.44851295510077e-06,1.22164251780131,0.0704444430971198,17.3419288178213,2.26990325244276e-67,0.262117184011843,0.0412416321975477,6.35564525565575,2.07553513488605e-10,NA,NA,NA,NA,-0.254518497788373,0.151148601137396,-1.6838958208883,0.0922063166285869,0.329337073921352,0.0379717124743854,8.6732215236148,4.30969714704205e-18,0.042833348148675,0.00962054233342575,4.45227999255865,8.50996267368227e-06,NA,NA,NA,NA,-0.0418480179977501,0.00904443414783042,-4.62693600437001,3.71758883834854e-06,0.0644881981842278,0.00883345230152023,7.30045241463855,2.90732356593045e-13,-0.0268163226057034,0.00482074199066518,-5.56269608654232,2.66803462842678e-08,"smoking","Smoking status"
"37","20116","f.20116.0.0Current",0.250916939913334,0.0618974408533443,4.05375305431189,5.04024222950586e-05,0.56696546228055,0.0670258517857367,8.45890723019803,2.69894634395068e-17,2.11776465691736,0.0774561871925469,27.3414524220363,1.36467515818513e-164,0.108370959867521,0.064080282028525,1.69117482690355,0.0908034173179124,NA,NA,NA,NA,-2.68407214906549,0.248758663448136,-10.789864006586,4.03973217090141e-27,-0.161574801815162,0.10850202711872,-1.48914085852398,0.136455852039147,-0.102495186676462,0.0158488154714538,-6.46705659871373,1.00612107628336e-10,NA,NA,NA,NA,-0.00827459029417653,0.0151206576748702,-0.54723745964625,0.584217296000895,0.130131154254373,0.0252793329880191,5.14772894981238,2.6458001255695e-07,-0.042910625593186,0.0137681774040621,-3.11665257745197,0.00183006052672826,"smoking","Smoking status"
"38","20116","f.20116.0.0Prefer not to answer",NA,0,NA,NA,NA,0,NA,NA,NA,0,NA,NA,NA,0,NA,NA,NA,NA,NA,NA,NA,NA,NA,NA,NA,NA,NA,NA,NA,NA,NA,NA,NA,NA,NA,NA,NA,NA,NA,NA,NA,NA,NA,NA,NA,NA,NA,NA,"smoking","Smoking status"
"39","20118","f.20118.0.0England/Wales - Town and Fringe - less sparse",NA,NA,NA,NA,NA,NA,NA,NA,-0.165336900265712,0.108697312397664,-1.52107624943692,0.128240703829883,0.0179552432837216,0.0741917940865008,0.242011175289648,0.808771503960195,0.141020766015749,0.0967902468472347,1.45697289354292,0.145129034756811,NA,NA,NA,NA,-0.0860696015626831,0.0697697028341926,-1.23362431064422,0.217348052335593,NA,NA,NA,NA,0.0075666539121502,0.00553601961446223,1.36680402872547,0.17169253452154,NA,NA,NA,NA,0.00439823173417448,0.0160695018772609,0.273700564446132,0.78431578928585,0.0042317123503294,0.00882723108999869,0.479392949746603,0.631660910591918,"reception","Home area population density - urban or rural"
"40","20118","f.20118.0.0England/Wales - Town and Fringe - sparse",NA,NA,NA,NA,NA,NA,NA,NA,-10.2504004097015,1810.58578488506,-0.00566137241067108,0.995482902490269,-10.1337575425646,1156.0237389693,-0.0087660462332718,0.993005796627892,3.54141319251849,6.14417782067285,0.576385204966393,0.564356979243079,NA,NA,NA,NA,-3.22426411316026,4.21941124136072,-0.764150240098537,0.444780901196388,NA,NA,NA,NA,-0.473200111060113,0.333659151983622,-1.41821409137712,0.156134145895774,NA,NA,NA,NA,1.63168857415873,0.961687358592928,1.69669337917273,0.0897604001976614,0.0290016468568872,0.544198787866533,0.0532923767996338,0.957499137033831,"reception","Home area population density - urban or rural"
"41","20118","f.20118.0.0England/Wales - Village - sparse",NA,NA,NA,NA,NA,NA,NA,NA,-10.2122448108056,875.063611781178,-0.0116702885062478,0.990688668341682,-10.1183456766788,532.326277198573,-0.0190077892264265,0.984834891629033,-5.64221270213509,3.54725328357273,-1.59058636389571,0.111707902093101,NA,NA,NA,NA,-1.07567306005827,2.43601063931235,-0.441571577192257,0.658800942226637,NA,NA,NA,NA,0.355821849392532,0.192652045411212,1.84696637210903,0.0647575818457702,NA,NA,NA,NA,-0.430493159968671,0.555253509714001,-0.77530921000465,0.438160358759943,-0.726485599124805,0.314232937923909,-2.31193331903584,0.0207848336141324,"reception","Home area population density - urban or rural"
"42","20118","f.20118.0.0Postcode not linkable",NA,NA,NA,NA,NA,NA,NA,NA,-8.98142733783195,922.848478941429,-0.00973228817382272,0.992234880107053,-9.03053208175213,765.091123397005,-0.0118032111543218,0.990582618717569,NA,NA,NA,NA,NA,NA,NA,NA,NA,NA,NA,NA,NA,NA,NA,NA,NA,NA,NA,NA,NA,NA,NA,NA,NA,NA,NA,NA,NA,NA,NA,NA,"reception","Home area population density - urban or rural"
"43","20118","f.20118.0.0England/Wales - Urban - sparse",NA,NA,NA,NA,NA,NA,NA,NA,-11.2604720449431,1968.55403550565,-0.00572017422018627,0.995435986194012,-10.8528240891141,1240.91488919873,-0.00874582470045296,0.99302193045825,0.968738473127704,6.14488071703052,0.157649679096756,0.874733379055976,NA,NA,NA,NA,8.09309277050866,4.22006331009409,1.91776572430811,0.05514575014985,NA,NA,NA,NA,-0.446094483346854,0.333700141794698,-1.33681238775531,0.181289619902094,NA,NA,NA,NA,2.66440819513988,0.961666991588622,2.7706141714799,0.00559697767382706,0.165471893228063,0.544153896466845,0.304090247818605,0.761060224228629,"reception","Home area population density - urban or rural"
"44","20118","f.20118.0.0England/Wales - Hamlet and Isolated dwelling - sparse",NA,NA,NA,NA,NA,NA,NA,NA,-11.1665354115391,1152.65764293028,-0.0096876427098957,0.992270500354189,-10.4392233859095,712.282556396465,-0.0146560143754228,0.988306611029347,NA,NA,NA,NA,NA,NA,NA,NA,NA,NA,NA,NA,NA,NA,NA,NA,NA,NA,NA,NA,NA,NA,NA,NA,NA,NA,NA,NA,0.0584576600333319,0.544252602478643,0.107409059262378,0.914464838306898,"reception","Home area population density - urban or rural"
"45","20118","f.20118.0.0Scotland - Very Remote Rural",NA,NA,NA,NA,NA,NA,NA,NA,NA,0,NA,NA,NA,0,NA,NA,NA,NA,NA,NA,NA,NA,NA,NA,NA,NA,NA,NA,NA,NA,NA,NA,NA,NA,NA,NA,NA,NA,NA,NA,NA,NA,NA,NA,NA,NA,NA,NA,"reception","Home area population density - urban or rural"
"46","20118","f.20118.0.0Scotland - Large Urban Area",NA,NA,NA,NA,NA,NA,NA,NA,-0.717113821115852,0.140719192526659,-5.09606264959201,3.46790403957371e-07,-0.652748696936929,0.111874134230073,-5.83467037693026,5.38970094402335e-09,-0.403515795785956,1.31195035309554,-0.307569409798063,0.75841105501948,NA,NA,NA,NA,0.0917478752688633,0.901260187067694,0.101799543112373,0.918916148906574,NA,NA,NA,NA,0.0807223258615012,0.0729636509737244,1.10633616580632,0.268586062811466,NA,NA,NA,NA,-0.0588394434564911,0.205346990669564,-0.286536672705241,0.774468207337534,-0.0311743796570875,0.11618505091199,-0.268316615712481,0.788456569092569,"reception","Home area population density - urban or rural"
"47","20118","f.20118.0.0Scotland - Accessible Rural",NA,NA,NA,NA,NA,NA,NA,NA,-0.239206617574069,0.450246684184746,-0.531279020982012,0.595225440954054,-0.317914373256864,0.380173503942602,-0.836234955776564,0.403022736919854,1.20351667161297,4.34466225522588,0.277010409765535,0.781773056085188,NA,NA,NA,NA,0.781631623878381,2.98421508715222,0.261922013343977,0.793382520822884,NA,NA,NA,NA,0.0103739178670811,0.235977322085796,0.0439615034842601,0.964935255486921,NA,NA,NA,NA,-0.569794901531964,0.680164444009115,-0.837731090695368,0.402185450324656,0.534223382700633,0.384831286402072,1.38820153552296,0.165081001821976,"reception","Home area population density - urban or rural"
"48","20118","f.20118.0.0England/Wales - Village - less sparse",NA,NA,NA,NA,NA,NA,NA,NA,-0.335744759741199,0.15069570561368,-2.22796501316306,0.0258828481706095,-0.150868619336962,0.100393933420619,-1.50276629470099,0.132899320395497,0.460101078521019,0.117766799345104,3.90688276389968,9.35957288392524e-05,NA,NA,NA,NA,-0.255217885946158,0.083735820884274,-3.04789375981491,0.0023055762375895,NA,NA,NA,NA,0.0260266258973608,0.00691800949626101,3.76215527189251,0.000168636564655605,NA,NA,NA,NA,-0.030418355611798,0.0195177280566054,-1.55849879266575,0.119120905984041,0.021950848958913,0.0109425773263269,2.00600354964832,0.0448604911597009,"reception","Home area population density - urban or rural"
"49","20118","f.20118.0.0Scotland - Accessible Small Town",NA,NA,NA,NA,NA,NA,NA,NA,-1.09907800701818,0.70909596521138,-1.549970752817,0.121148536013645,-0.755716106906936,0.449156521621903,-1.68252284120923,0.092467499556709,1.4582936358357,6.14363489821922,0.237366585090921,0.81237321121963,NA,NA,NA,NA,2.32163749042077,2.98327220170972,0.778218457266567,0.436443490509243,NA,NA,NA,NA,-0.341889433716622,0.23590914291555,-1.44924198143101,0.147275931140339,NA,NA,NA,NA,0.984757232985116,0.679954837098274,1.44826858970162,0.147547746476566,0.480395846684715,0.544148742294453,0.8828392116815,0.377326799960683,"reception","Home area population density - urban or rural"
"50","20118","f.20118.0.0England/Wales - Hamlet and Isolated Dwelling - less sparse",NA,NA,NA,NA,NA,NA,NA,NA,-0.315212020103539,0.220713613339099,-1.42814942556015,0.15324885386913,-0.0529559354103729,0.144074597102572,-0.367559142800667,0.713201984571922,0.239650189788199,0.166478014590811,1.43953056130108,0.150005413522579,NA,NA,NA,NA,-0.304222769610028,0.116772831991826,-2.60525298925116,0.00918304575756541,NA,NA,NA,NA,0.033101651556036,0.00971780666221852,3.40628834330803,0.000659014241770843,NA,NA,NA,NA,-0.058189210327946,0.0270391893920273,-2.15203235142484,0.0313992188302398,0.0147438561776396,0.0150899942777791,0.977061747422317,0.328542647766021,"reception","Home area population density - urban or rural"
"51","20118","f.20118.0.0Scotland - Other Urban Area",NA,NA,NA,NA,NA,NA,NA,NA,-0.624806060872831,0.306087303133376,-2.04126748962395,0.0412242466472232,-0.579753958746134,0.227479608736332,-2.54859748514038,0.0108157053577044,3.27685902296494,6.14467678095789,0.533284197001183,0.593838817472308,NA,NA,NA,NA,-6.43566955959051,4.21948343506846,-1.5252268811161,0.127208105178891,NA,NA,NA,NA,NA,NA,NA,NA,NA,NA,NA,NA,-0.177002391003934,0.961633118494862,-0.184064366752444,0.853963650213414,-0.20552138040812,0.544202732231439,-0.377655914304958,0.705687599817714,"reception","Home area population density - urban or rural"
"52","20118","f.20118.0.0Scotland - Remote Small Town",NA,NA,NA,NA,NA,NA,NA,NA,-9.67020426134721,837.273838395506,-0.0115496314561536,0.990784932251065,-10.2309972803141,563.323925489671,-0.0181618369420769,0.985509747319723,NA,NA,NA,NA,NA,NA,NA,NA,NA,NA,NA,NA,NA,NA,NA,NA,NA,NA,NA,NA,NA,NA,NA,NA,NA,NA,NA,NA,NA,NA,NA,NA,"reception","Home area population density - urban or rural"
"53","20118","f.20118.0.0Scotland - Remote Rural",NA,NA,NA,NA,NA,NA,NA,NA,-10.2072440934057,830.880553099435,-0.0122848513607999,0.990198353308201,-9.93531831657242,540.577276994463,-0.0183790897978758,0.985336433549966,8.1318115452032,6.1430521307779,1.32374125631479,0.185593976001286,NA,NA,NA,NA,-4.26926896685765,4.21845749016931,-1.01204503703232,0.311520846267197,NA,NA,NA,NA,0.887980864336475,0.33357630277181,2.66200223744286,0.00777007840785971,NA,NA,NA,NA,-0.909988643668438,0.961476498901444,-0.946449179681631,0.343923760503153,1.31366161538245,0.54407368853176,2.41449208640745,0.0157602312330545,"reception","Home area population density - urban or rural"
"54","2139","f.2139.0.0",NA,NA,NA,NA,NA,NA,NA,NA,NA,NA,NA,NA,-0.00790745952286631,0.00346114238891779,-2.28463860608138,0.0223340272601532,0.0340696716701357,0.00506574565590605,6.72549985418525,1.76535592576428e-11,NA,NA,NA,NA,-0.0284324929219886,0.00358200771568688,-7.93758561643311,2.09914354157473e-15,NA,NA,NA,NA,NA,NA,NA,NA,NA,NA,NA,NA,-0.00235367367241353,0.00083382583704762,-2.82274015488334,0.00476325267279875,0.00233157327368353,0.000452805021638297,5.14917715631256,2.62482155066603e-07,"sexual factors","Age first had sexual intercourse"
"55","24003","f.24003.0.0",NA,NA,NA,NA,NA,NA,NA,NA,NA,NA,NA,NA,NA,NA,NA,NA,NA,NA,NA,NA,NA,NA,NA,NA,-0.0170387968731315,0.00543920418976061,-3.13259004050763,0.00173359595034872,NA,NA,NA,NA,NA,NA,NA,NA,NA,NA,NA,NA,NA,NA,NA,NA,NA,NA,NA,NA,"residential air pollution","Nitrogen dioxide air pollution; 2010"
"56","24006","f.24006.0.0",NA,NA,NA,NA,NA,NA,NA,NA,NA,NA,NA,NA,NA,NA,NA,NA,-0.305280437648048,0.0315317709646168,-9.68167750522533,3.74312044936164e-22,NA,NA,NA,NA,0.152559293990687,0.036394936284082,4.19177252571291,2.772032383985e-05,NA,NA,NA,NA,-0.004192710518982,0.00168045123409099,-2.49499088930717,0.012599053509391,NA,NA,NA,NA,0.0268223374058974,0.00568424351422101,4.71871715889589,2.37929163222168e-06,-0.00922786454608672,0.00331487843340599,-2.78377163189216,0.00537481936885002,"residential air pollution","Particulate matter air pollution (pm2.5); 2010"
"57","24008","f.24008.0.0",NA,NA,NA,NA,NA,NA,NA,NA,NA,NA,NA,NA,NA,NA,NA,NA,NA,NA,NA,NA,NA,NA,NA,NA,NA,NA,NA,NA,NA,NA,NA,NA,NA,NA,NA,NA,NA,NA,NA,NA,NA,NA,NA,NA,-0.00827300825083796,0.00259247998160766,-3.19115607816869,0.00141779959125541,"residential air pollution","Particulate matter air pollution 2.5-10um; 2010"
"58","24017","f.24017.0.0",NA,NA,NA,NA,NA,NA,NA,NA,NA,NA,NA,NA,NA,NA,NA,NA,NA,NA,NA,NA,NA,NA,NA,NA,NA,NA,NA,NA,NA,NA,NA,NA,NA,NA,NA,NA,NA,NA,NA,NA,NA,NA,NA,NA,0.0017884012960656,0.000510470865746665,3.5034346053221,0.000459644214025559,"residential air pollution","Nitrogen dioxide air pollution; 2006"
"59","24018","f.24018.0.0",NA,NA,NA,NA,NA,NA,NA,NA,NA,NA,NA,NA,NA,NA,NA,NA,NA,NA,NA,NA,NA,NA,NA,NA,NA,NA,NA,NA,NA,NA,NA,NA,NA,NA,NA,NA,NA,NA,NA,NA,-0.00392957290133427,0.000609129281520636,-6.45113118109253,1.11953021162399e-10,NA,NA,NA,NA,"residential air pollution","Nitrogen dioxide air pollution; 2007"
"60","24019","f.24019.0.0",NA,NA,NA,NA,NA,NA,NA,NA,NA,NA,NA,NA,NA,NA,NA,NA,0.13820288716158,0.0123243935202925,11.2137677958777,3.72846451301648e-29,-0.42440782671653,0.0273958532745184,-15.4916812578816,4.8681669603822e-54,NA,NA,NA,NA,NA,NA,NA,NA,NA,NA,NA,NA,-0.0109714141376752,0.00166149381778051,-6.6033433409528,4.04763396202845e-11,NA,NA,NA,NA,-0.00352574338261937,0.00138662322981653,-2.54268304958794,0.0110030649718077,"residential air pollution","Particulate matter air pollution (pm10); 2007"
"61","31","f.31.0.0Male",NA,NA,NA,NA,NA,NA,NA,NA,NA,NA,NA,NA,NA,NA,NA,NA,25.5194258420179,55.378134200571,0.460821336984566,0.64492844288593,-593.048194334345,149.148364517211,-3.97622995232984,7.00875493166185e-05,-29.1220175275613,40.2530291942141,-0.723473937503001,0.469391750221267,-102.315013326172,9.25398618315301,-11.0563179262616,2.16152958752595e-28,-18.8898870393127,3.16057835505396,-5.9767184727778,2.29126635881276e-09,24.3974044628243,9.07946387035324,2.68709747747199,0.00720924282679166,38.1536641021641,9.31808582415399,4.09458174373792,4.23545351574886e-05,-5.76139264180267,5.06175866419686,-1.13821954463268,0.255033507897172,NA,NA
"62","31","f.31.0.0.L",0.519464536394282,0.0274690361163928,18.9109124249277,9.27382227570034e-80,0.807071579035685,0.0357034669566929,22.6048517925342,3.88277369276083e-113,0.0690855567209083,0.0370116078197937,1.86659161248222,0.0619586397809984,0.359987357385299,0.0311390788843157,11.5606296102297,6.522876334585e-31,NA,NA,NA,NA,NA,NA,NA,NA,NA,NA,NA,NA,NA,NA,NA,NA,NA,NA,NA,NA,NA,NA,NA,NA,NA,NA,NA,NA,NA,NA,NA,NA,NA,NA
"63","31","f.31.0.0Female",NA,NA,NA,NA,NA,NA,NA,NA,NA,NA,NA,NA,NA,NA,NA,NA,12.2427005145006,55.3785101247339,0.221073129033722,0.82503623602703,-598.596551697424,149.149897372015,-4.01338896133722,5.99161443678898e-05,-29.7294216620879,40.2532263052035,-0.73855997123502,0.460177300629348,-102.393968908515,9.25409979695963,-11.0647141434714,1.9686977093524e-28,-18.5798263978358,3.16059052444403,-5.87859333695376,4.16236763129248e-09,24.7970266054723,9.07948696573376,2.73110437837038,0.00631378056787138,37.7828074611595,9.31807627195227,4.05478624111363,5.02503889074419e-05,-6.72271914935235,5.06175468342973,-1.32814005612717,0.184137054440899,NA,NA
"64","34","f.34.0.0",-0.110904284388288,0.00396134562837241,-27.9966190261097,1.78630754906833e-172,-0.0776637709403172,0.00441238017604379,-17.6013325782711,2.40596004062986e-69,-0.0916878363470447,0.00538708398148654,-17.0199381821673,5.84322885671794e-65,-0.0535660418583372,0.00381021568173635,-14.058532726926,6.8287381494332e-45,0.121585555985126,0.00472770489365268,25.7176703538252,4.4588841750487e-145,-0.65269650930841,0.0128886169345396,-50.6413149388653,0,-0.0236873634544828,0.00352699988487247,-6.71600913742002,1.88528372859069e-11,-0.0120711750203666,0.000790863143341219,-15.2632919134006,1.64494691650213e-52,-0.00313507730115671,0.000268552908424296,-11.6739651771095,1.89220118470519e-31,-0.0151605140567953,0.000758561418123275,-19.9858754935141,1.27123558900643e-88,-0.00726324822359121,0.000765767801377063,-9.48492246674498,2.52009158108162e-21,0.0336024818642309,0.000435233129196865,77.2057079529711,0,NA,NA
"65","6138","f.6138.0.0None of the above",NA,NA,NA,NA,0.291565462963712,0.0653869336163551,4.45907839438404,8.23128132624749e-06,0.54304490496041,0.0839417444176508,6.46930688333685,9.84534659076962e-11,0.319268981846926,0.0634930564377403,5.02840782535006,4.94569147390716e-07,-1.93551978856278,0.0905383234958529,-21.3779062150564,5.06760599181807e-101,1.88270149075131,0.235480230861394,7.9951573168768,1.31393077173501e-15,0.629720081734718,0.0649620137577476,9.69366627215456,3.33820821423075e-22,NA,NA,NA,NA,-0.0437450762662872,0.00513798478207607,-8.5140532955435,1.72282805409274e-17,-0.0494503514492269,0.0137661273176238,-3.59217594812734,0.000328146132261339,0.0479976811056084,0.0151210878171944,3.17422143736441,0.00150323172620724,-0.1196022671802,0.00815137864687913,-14.672642795951,1.17947131224179e-48,"education","Qualifications"
"66","6138","f.6138.0.0Other professional qualifications eg: nursing, teaching",NA,NA,NA,NA,0.156204460795386,0.101915219343231,1.53269022823096,0.125352197988942,0.426148293396947,0.120634870965544,3.53254651815115,0.000411577808718306,0.13524001576635,0.0935016894825982,1.44639114560085,0.148067523935286,-0.86183170442949,0.119541448547669,-7.20948018365215,5.68179414531594e-13,1.07441933775314,0.328128636329608,3.27438455165453,0.0010594439998433,0.742742255145003,0.0845257274841477,8.78717376652333,1.57564792542554e-18,NA,NA,NA,NA,-0.0293287591871091,0.00691548256272688,-4.24102857914579,2.22874420110412e-05,-0.00694321080271445,0.0194612764966844,-0.356770574833432,0.721264609460851,0.0820463578191667,0.0197516899413163,4.15389053103467,3.27370917731689e-05,-0.0629148886422824,0.0107280640847335,-5.86451461748936,4.52875806521968e-09,"education","Qualifications"
"67","6138","f.6138.0.0Prefer not to answer",NA,NA,NA,NA,NA,0,NA,NA,NA,0,NA,NA,NA,0,NA,NA,NA,NA,NA,NA,NA,NA,NA,NA,NA,NA,NA,NA,NA,NA,NA,NA,NA,NA,NA,NA,NA,NA,NA,NA,NA,NA,NA,NA,NA,NA,NA,NA,"education","Qualifications"
"68","6138","f.6138.0.0NVQ or HND or HNC or equivalent",NA,NA,NA,NA,0.281345788166395,0.0832490694734475,3.37956676207812,0.000726001722818582,0.375120843838178,0.108363118331196,3.46170218811603,0.000536770763427038,0.331853559844445,0.0764093421318623,4.34310191117408,1.40484924661589e-05,-1.47996411495207,0.109115669344041,-13.5632592811739,7.61134674366376e-42,1.96230051738897,0.297551181394441,6.59483356171823,4.28786190816075e-11,0.853737122776811,0.0779195648657043,10.9566464372362,6.58668043924366e-28,NA,NA,NA,NA,-0.0412455534553566,0.00632427257739987,-6.52178617391505,7.00976369187025e-11,-0.0343665064889914,0.017747933243218,-1.93636667537747,0.0528267070963342,0.0929146152038144,0.0181792529169037,5.11102494852355,3.21504262291868e-07,-0.0876644834546296,0.00990918082185699,-8.84679420333771,9.25319074121037e-19,"education","Qualifications"
"69","6138","f.6138.0.0O levels/GCSEs or equivalent",NA,NA,NA,NA,0.192324830920668,0.0657632699133489,2.92450225139472,0.0034500758401448,0.15609925996029,0.0904035618431914,1.72669369190398,0.0842226891648471,0.307547441292677,0.0592116871930172,5.19403273023009,2.05786937706823e-07,-0.65257883087013,0.07071227809681,-9.22864951369132,2.82564213541207e-20,1.64227908433222,0.194684755508219,8.43558130704736,3.35815389740965e-17,0.510157690593441,0.0500589922524317,10.1911298577662,2.28019152314526e-24,NA,NA,NA,NA,-0.0219688691933441,0.00409840947525909,-5.36034023100029,8.34114903179656e-08,0.02072991922706,0.0114314731468007,1.81340750757584,0.0697731443907107,0.0507173742439226,0.0116581595991669,4.35037570145692,1.36153039554767e-05,-0.0366768928144493,0.00635203549548757,-5.77403776167564,7.77866045608832e-09,"education","Qualifications"
"70","6138","f.6138.0.0A levels/AS levels or equivalent",NA,NA,NA,NA,0.000342789932490972,0.0876509781987237,0.00391085119111613,0.996879600169306,0.161399783423466,0.115108869606894,1.4021489740509,0.16087076515171,0.0650517634370048,0.0784654582481775,0.82904968491044,0.407076293194867,-0.317289022231936,0.0853237205371941,-3.71864963499364,0.000200470701665506,0.910067312659372,0.237635844271649,3.82967188914078,0.000128427338808852,0.217478825678207,0.0603078302252013,3.60614575032957,0.000311045698467219,NA,NA,NA,NA,-0.000909676559898885,0.00497894787029582,-0.182704576066356,0.855030523509192,0.0142481745136703,0.0140645889166117,1.01305303682512,0.311038224837054,0.0253044509344175,0.0140564904791672,1.8001969248242,0.0718351201232452,-0.0336634402116281,0.00767986728063872,-4.38333619338646,1.17080081131345e-05,"education","Qualifications"
"71","6138","f.6138.0.0CSEs or equivalent",NA,NA,NA,NA,0.244551488661963,0.115421669865554,2.11876581708463,0.0341102629280487,0.634901782057367,0.127586840559306,4.97623249603273,6.48337691400632e-07,0.416200369583082,0.0916444695791837,4.54146738471187,5.58640293635258e-06,-1.43423638865592,0.115982273236852,-12.3659965323063,4.4006458498811e-35,2.18059251953453,0.319644233614228,6.82193604708116,9.05574574700688e-12,0.798493544551889,0.0832034662588847,9.59687835681514,8.56138088066466e-22,NA,NA,NA,NA,-0.0270383694247429,0.00682254518072179,-3.96309129636023,7.40822939092434e-05,0.0442068383126158,0.0191982620613273,2.30264792570289,0.0213014910753548,0.0716763285903931,0.0194083226338759,3.69307177866504,0.000221779367729136,-0.0720192259153008,0.0105379724413633,-6.83425832777979,8.32396385954625e-12,"education","Qualifications"
"72","6139","f.6139.0.0A gas fire that you use regularly in winter time",NA,NA,NA,NA,NA,NA,NA,NA,NA,NA,NA,NA,-0.0731198708417122,0.0634993518976771,-1.15150578165802,0.249524218061994,NA,NA,NA,NA,NA,NA,NA,NA,NA,NA,NA,NA,-0.0220313345847893,0.0150385735789133,-1.46498831615793,0.142928775465515,-0.0083039797839493,0.00495575688873332,-1.67562291096805,0.0938179741417019,-0.0132327876050549,0.0141064368676161,-0.938067332611345,0.348212947790948,NA,NA,NA,NA,-0.0213333800970309,0.00775769539530177,-2.74996361805477,0.00596202919843598,"household","Gas or solid-fuel cooking/heating"
"73","6139","f.6139.0.0An open solid fuel fire that you use regularly in winter time",NA,NA,NA,NA,NA,NA,NA,NA,NA,NA,NA,NA,-0.399762438908016,0.160183007311395,-2.49566071718755,0.0125722787855529,NA,NA,NA,NA,NA,NA,NA,NA,NA,NA,NA,NA,0.018104734986004,0.0269347178764957,0.672170953080703,0.501477177359241,0.0330054369191354,0.00907078893293384,3.63865118714213,0.000274329728770788,0.0897198530420308,0.0255292060610552,3.51440044110492,0.000441017620233531,NA,NA,NA,NA,0.0278974264039108,0.0141156527497023,1.97634688941319,0.0481202193514542,"household","Gas or solid-fuel cooking/heating"
"74","6139","f.6139.0.0Do not know",NA,NA,NA,NA,NA,NA,NA,NA,NA,NA,NA,NA,NA,0,NA,NA,NA,NA,NA,NA,NA,NA,NA,NA,NA,NA,NA,NA,NA,NA,NA,NA,NA,NA,NA,NA,NA,NA,NA,NA,NA,NA,NA,NA,NA,NA,NA,NA,"household","Gas or solid-fuel cooking/heating"
"75","6139","f.6139.0.0None of the above",NA,NA,NA,NA,NA,NA,NA,NA,NA,NA,NA,NA,0.0638853592769336,0.0487495815004707,1.31048015820027,0.190033452263626,NA,NA,NA,NA,NA,NA,NA,NA,NA,NA,NA,NA,0.0315876048349444,0.0119419145823861,2.64510389996719,0.00816847960861396,-0.0018977511241087,0.00405246427864363,-0.468295583531678,0.63957515120493,-0.0160599844528471,0.011210507865491,-1.43258313053631,0.151981336883877,NA,NA,NA,NA,-0.0117563856535466,0.0062547297451306,-1.87959930046524,0.0601677035665321,"household","Gas or solid-fuel cooking/heating"
"76","6139","f.6139.0.0Prefer not to answer",NA,NA,NA,NA,NA,NA,NA,NA,NA,NA,NA,NA,NA,0,NA,NA,NA,NA,NA,NA,NA,NA,NA,NA,NA,NA,NA,NA,NA,NA,NA,NA,NA,NA,NA,NA,NA,NA,NA,NA,NA,NA,NA,NA,NA,NA,NA,NA,"household","Gas or solid-fuel cooking/heating"
"77","6142","f.6142.0.0None of the above",0.315682492332754,0.238264881207136,1.32492245912781,0.185196870896896,-0.367311424724029,0.380019630905216,-0.96655907972197,0.333764499201155,-0.0233865321013914,0.358121212873909,-0.0653033980135256,0.947932436898142,0.355992933297423,0.26098926461231,1.36401370311624,0.172563252924673,-0.0749339576294199,0.39408136776541,-0.190148440801258,0.849193447935639,-1.58994339161168,1.0342590982068,-1.53727764577399,0.124229907680872,-0.345503890141501,0.284904226896475,-1.21270187496041,0.225248884059023,0.0121740168429588,0.0663290076769874,0.183539860904364,0.854374998232224,-4.76213830873955e-05,0.0224870038369299,-0.00211772913068961,0.99831030585219,-0.0438556191284756,0.0628732846503813,-0.697523906574041,0.485477230622351,0.101885068566268,0.0669040402219393,1.52285375036076,0.127801146390309,-0.0248790778670937,0.0363972872905894,-0.683542091158157,0.494267085557902,"employment","Current employment status"
"78","6142","f.6142.0.0Prefer not to answer",NA,0,NA,NA,NA,0,NA,NA,NA,0,NA,NA,NA,0,NA,NA,NA,NA,NA,NA,NA,NA,NA,NA,NA,NA,NA,NA,NA,NA,NA,NA,NA,NA,NA,NA,NA,NA,NA,NA,NA,NA,NA,NA,NA,NA,NA,NA,"employment","Current employment status"
"79","6142","f.6142.0.0Unable to work because of sickness or disability",0.499786447268768,0.0946195585383252,5.28206276788251,1.27737416026102e-07,0.385187476741385,0.106922349386919,3.6024973165106,0.00031517465505913,0.89788520145466,0.0945628664494068,9.49511404600926,2.1997046103871e-21,0.659082550323933,0.0830720135151869,7.9338699332651,2.12420564882917e-15,-0.922950967434539,0.179178272476913,-5.15102057116584,2.59880649571596e-07,-2.10161413962641,0.448554283554676,-4.6853061417041,2.80072717682584e-06,1.50791827388176,0.13892361188752,10.8542979367874,2.02485207899067e-27,0.130346101911036,0.0297193003044506,4.38590749364031,1.15678224583003e-05,-0.0251128525328995,0.0113129824416178,-2.2198259974766,0.0264347944175302,-0.131461626592564,0.027899730231609,-4.71193181802253,2.45835950051214e-06,0.139317241722663,0.0325484964423388,4.28029730864742,1.86964664825055e-05,-0.165476520073563,0.0168496478862474,-9.82077021375763,9.54534940781788e-23,"employment","Current employment status"
"80","6142","f.6142.0.0Unemployed",0.0389064793105459,0.180587113561401,0.215444383285507,0.829420869501524,-0.0906145658889226,0.196779308707062,-0.460488282453605,0.645165780208517,0.522637304234771,0.169754766700931,3.07877837183528,0.0020785124455885,0.425290843599089,0.137634200113534,3.09000846626978,0.00200150789964647,-0.307630424854366,0.223245131827086,-1.37799387756702,0.168210257218867,0.51470709571639,0.608487129378438,0.845880004466416,0.397622614609699,0.328390824428854,0.169389276257074,1.93867540900565,0.0525458394196391,-0.0352650364048761,0.0394152000971768,-0.894706517230191,0.370947192659799,-0.0119171858434164,0.0138451499328174,-0.860748052656979,0.389380713136899,0.136239771652382,0.0372126116610133,3.66111824919607,0.000251295930876121,0.177122252468878,0.0397401449775368,4.45701072728842,8.32771895773965e-06,-0.0391585403042024,0.0214333850937067,-1.82698813710487,0.0677066750995057,"employment","Current employment status"
"81","6142","f.6142.0.0Looking after home and/or family",-0.0690983009293898,0.183459662442079,-0.376640292528639,0.706440940046856,0.203527147361713,0.19073289693417,1.06707941122479,0.285935978127173,0.330320058393704,0.193302368905119,1.70882571312843,0.0874832382560932,0.263266048201244,0.154214335115985,1.70714381385649,0.0877953252108186,0.00375464343398283,0.159442945088107,0.0235485077869582,0.981212822972378,0.903571764259019,0.438444211990709,2.0608591459252,0.0393202099444649,-0.297148823401547,0.11415014679208,-2.60314009006745,0.00923982921405125,0.041281103857783,0.0280707309062405,1.4706102237119,0.141401231231873,-0.00123918782118825,0.00936244126911948,-0.132357339882656,0.894702157796213,0.0156927279653079,0.0261882929725844,0.599226837035009,0.549023509836531,0.0136771029212207,0.0264973558341087,0.516168594589158,0.605738773243046,-0.00658662570854263,0.0145621738176784,-0.45231060904839,0.651046921101679,"employment","Current employment status"
"82","6142","f.6142.0.0Retired",0.0125779679750577,0.0485406328263792,0.259122455614593,0.795540759288065,-0.0931173405169184,0.0579379461169109,-1.60719091299889,0.108012494800415,0.164760551426136,0.0709671989827452,2.32164371410791,0.0202521280184257,0.181771799850153,0.0543322038255957,3.3455627979611,0.000821157619900652,-0.0838604820990174,0.0733253332885714,-1.14367679406222,0.252762210220714,0.809579563787571,0.196628680479571,4.11730151376204,3.83778845582863e-05,-0.0696488365345694,0.0523841961090443,-1.32957727154172,0.183662949041698,0.0415602082978867,0.0127103458775426,3.26979365457849,0.00107679982041691,-0.009325679630025,0.00424196428405626,-2.19843426430446,0.0279224787214186,-0.0752000459218019,0.0118913946318914,-6.32390465960347,2.56521780514779e-10,0.0490065569554905,0.0121544295417985,4.03199152925764,5.53819373271034e-05,-0.00499914312715834,0.0065740456955775,-0.760436321658271,0.446996901686266,"employment","Current employment status"
"83","6142","f.6142.0.0Doing unpaid or voluntary work",-0.128562883470522,0.335298273691332,-0.383428408548484,0.701402142911178,0.0489569257626573,0.380144508468079,0.128785040088954,0.897527743225277,0.0463641878214773,0.450376686006735,0.102945354992874,0.918006340817919,-0.209214094138336,0.379987422573438,-0.550581629048269,0.581920505184773,-0.330585039367237,0.398271431892894,-0.83004959154625,0.406514009620046,-0.492117108508817,1.08863778833326,-0.452048526867935,0.651235441511256,-0.664068016013466,0.285017585969187,-2.32991944604169,0.0198139062581186,-0.0160672064436719,0.0700618252575683,-0.229328973154839,0.818613932818943,0.0356057380785361,0.0235124342550451,1.51433652901746,0.129946468675188,0.039909657542908,0.0659803106960872,0.604872228121756,0.545265799059326,0.0073736711586653,0.0672575955051251,0.109633285330627,0.912700618700067,-0.0530551214651227,0.0363243503935205,-1.46059381352589,0.144132346730872,"employment","Current employment status"
"84","6142","f.6142.0.0Full or part-time student",0.185328289442754,0.578418240651965,0.320405333749262,0.748661082759768,0.335988499011947,0.578782730661534,0.580508852826208,0.56157151850996,-0.144728494399644,1.00167456472129,-0.144486542333151,0.885116282606721,0.0483141693227043,0.579082261877903,0.0834323074687637,0.93350780041051,0.241612257754127,0.577584364445325,0.41831509408354,0.675718234855682,-1.12897947235484,1.64579905405532,-0.685976498511761,0.492730227853539,-0.754923883571224,0.41737022518523,-1.80876315083614,0.070493111283316,0.0199094001927506,0.0977436273676622,0.203690007511809,0.838596367022069,-0.0347101690480488,0.03472430768199,-0.999592831797522,0.317512155001098,-0.158006027086477,0.0917989924555026,-1.72121744324227,0.0852156594412801,-0.170298613456037,0.0965290663570856,-1.76422107747379,0.0777004104585888,0.136457444256053,0.0537904357866466,2.53683470417112,0.0111885662893859,"employment","Current employment status"
"85","6144","f.6144.0.0Dairy products",NA,NA,NA,NA,NA,NA,NA,NA,0.421734841970679,0.168225704566156,2.50695839294183,0.0121775045067531,0.45775565956867,0.155379101391224,2.94605680860583,0.00321853282783988,-0.375586712642233,0.256348694388368,-1.46513994751703,0.142887918237191,NA,NA,NA,NA,0.0700333041295124,0.183715196695582,0.381205830487494,0.703051953879402,0.00989625565259353,0.0400930530783979,0.246832178962336,0.805038858291226,-0.0472542814430656,0.0146416566748452,-3.22738625091858,0.00125002563325052,-0.178732463283631,0.0391688152609263,-4.5631317182557,5.04790618534327e-06,NA,NA,NA,NA,-0.0621210108420664,0.0232086778745982,-2.67662859460244,0.00743878691758057,"diet","Never eat eggs dairy wheat sugar"
"86","6144","f.6144.0.0Eggs or foods containing eggs",NA,NA,NA,NA,NA,NA,NA,NA,0.304499811637051,0.126494434514876,2.40721904331089,0.0160745253425352,0.227978023062732,0.115655457489065,1.97118257981287,0.0487029957354538,-0.400025438578779,0.174165442762231,-2.29681291669835,0.0216328317938677,NA,NA,NA,NA,0.07769226702319,0.124960264761928,0.621735774737736,0.534118127896127,0.0558433649190487,0.0290807881146215,1.92028375224711,0.0548262875661327,-0.0272330825596578,0.010041661528589,-2.71200960937831,0.00668982092345449,-0.118516236925429,0.0275367832021675,-4.3039245381465,1.68019529987437e-05,NA,NA,NA,NA,-0.0501561557425981,0.015843832976625,-3.16565794505631,0.00154812410088809,"diet","Never eat eggs dairy wheat sugar"
"87","6144","f.6144.0.0Prefer not to answer",NA,NA,NA,NA,NA,NA,NA,NA,NA,0,NA,NA,NA,0,NA,NA,NA,NA,NA,NA,NA,NA,NA,NA,NA,NA,NA,NA,NA,NA,NA,NA,NA,NA,NA,NA,NA,NA,NA,NA,NA,NA,NA,NA,NA,NA,NA,NA,"diet","Never eat eggs dairy wheat sugar"
"88","6144","f.6144.0.0Sugar or foods/drinks containing sugar",NA,NA,NA,NA,NA,NA,NA,NA,0.12352541090906,0.0622338440641945,1.9848590869888,0.0471601513845676,0.850144611349129,0.0421721981102459,20.1588878323746,2.24879976070104e-90,-0.46899690074549,0.07034938950602,-6.66668046501465,2.63885519226342e-11,NA,NA,NA,NA,0.65699059196523,0.049752884970449,13.2050752907184,9.39245630469415e-40,0.248218814326297,0.0120695260168462,20.5657466564837,1.08150133036542e-93,0.00350477773104059,0.00401675207611393,0.872540217725199,0.382917688792256,-0.143821474928592,0.011436219867196,-12.5759627393255,3.1250533592808e-36,NA,NA,NA,NA,-0.0371415341070501,0.00631007036056012,-5.88607289376615,3.97641853243385e-09,"diet","Never eat eggs dairy wheat sugar"
"89","6144","f.6144.0.0Wheat products",NA,NA,NA,NA,NA,NA,NA,NA,0.339114067514233,0.148138209261124,2.28917353062149,0.0220692718783334,0.140209255623474,0.162683312072756,0.861853953162505,0.388767890725293,-0.459170553197266,0.252329807827709,-1.81972378590637,0.0688060016341716,NA,NA,NA,NA,-0.112592343516437,0.182967373020647,-0.615368421471143,0.538313915157208,0.0551120953961854,0.0351609448776623,1.56742361696878,0.117020407346016,-0.0174458693473438,0.0146223838168762,-1.19309338106752,0.232838141802289,-0.128109255238235,0.0330245664077738,-3.87921081707462,0.000104888830767722,NA,NA,NA,NA,-0.00274399806590907,0.0231211321831779,-0.118679225747669,0.905529905518023,"diet","Never eat eggs dairy wheat sugar"
"90","6162","f.6162.0.0Walk",NA,NA,NA,NA,NA,NA,NA,NA,NA,NA,NA,NA,NA,NA,NA,NA,NA,NA,NA,NA,NA,NA,NA,NA,-0.487188866175747,0.0566427187695884,-8.60108548386487,8.09485149263731e-18,NA,NA,NA,NA,0.0218448855179437,0.00460430383007452,4.74444917714958,2.09618132903355e-06,0.0354685583760988,0.012645951722431,2.80473618392722,0.00503712370901127,-0.0248421500624015,0.0132007176577757,-1.88187875132446,0.059857846034257,-0.0109977839012202,0.00716610205891496,-1.53469540495009,0.124864104439123,"physical activity","Types of transport used (excluding work)"
"91","6162","f.6162.0.0Cycle",NA,NA,NA,NA,NA,NA,NA,NA,NA,NA,NA,NA,NA,NA,NA,NA,NA,NA,NA,NA,NA,NA,NA,NA,-1.00731584739988,0.17426925939531,-5.78022682196004,7.4990410480831e-09,NA,NA,NA,NA,0.0788224775389413,0.0144783185291056,5.44417346396169,5.22768253930954e-08,0.0479206779509427,0.0406172650632689,1.17981055288428,0.238079460385381,-0.131035426244664,0.0403148125922288,-3.25030473464045,0.00115351867617385,0.0355699496310036,0.0220390917500441,1.61394807165465,0.10654411513635,"physical activity","Types of transport used (excluding work)"
"92","6162","f.6162.0.0None of the above",NA,NA,NA,NA,NA,NA,NA,NA,NA,NA,NA,NA,NA,NA,NA,NA,NA,NA,NA,NA,NA,NA,NA,NA,-0.392243693143147,0.482047075829458,-0.813704123125763,0.41581789449389,NA,NA,NA,NA,-0.0599648886128788,0.0394134096074876,-1.52143367473305,0.128157006576638,-0.0363885555307807,0.0992372042384525,-0.366682594597731,0.713856866084997,0.175885714196763,0.112837288958396,1.55875522905919,0.119060176432519,0.0619795399122305,0.0578473823307833,1.07143205820133,0.283979650520231,"physical activity","Types of transport used (excluding work)"
"93","6162","f.6162.0.0Public transport",NA,NA,NA,NA,NA,NA,NA,NA,NA,NA,NA,NA,NA,NA,NA,NA,NA,NA,NA,NA,NA,NA,NA,NA,0.155382299797835,0.0952078408105498,1.63203259810318,0.102678182067728,NA,NA,NA,NA,-0.00149972662081825,0.00759725880931528,-0.197403650245452,0.843512429990215,-0.0126852801965436,0.0201402095225268,-0.629848472149961,0.528795722480802,0.0132127852020688,0.0222347986085687,0.594239032008906,0.55235473593848,-0.047290588476439,0.012041513053896,-3.92729620146351,8.60051912154074e-05,"physical activity","Types of transport used (excluding work)"
"94","6164","f.6164.0.0Heavy DIY (eg: weeding, lawn mowing, carpentry, digging)",0.12334341667194,0.0978194147381658,1.26092981645918,0.207334134547747,0.128903286973624,0.112964978340438,1.14109070676005,0.253832178174158,0.332390283383344,0.116403775479522,2.85549400793979,0.0042969933700514,0.424982092814998,0.0930654968085428,4.56648389992786,4.959731120644e-06,-0.118452548846455,0.174245698973843,-0.679801851890974,0.496632525941036,NA,NA,NA,NA,0.594801890891069,0.128961312476669,4.61225060033938,3.99202830594878e-06,0.0607380209233964,0.0292072153607444,2.07955534867697,0.0375701112208763,-0.023312011316771,0.0103351521018704,-2.25560408661544,0.0240994953095448,-0.116641509403836,0.0276244220514917,-4.22240542033485,2.4200439941568e-05,-0.00512458704344848,0.0301940126329306,-0.169721961295711,0.86522943690424,-0.0487122863878712,0.0159286586039062,-3.05815370893349,0.00222806460342492,"physical activity","Types of physical activity in last 4 weeks"
"95","6164","f.6164.0.0Light DIY (eg: pruning, watering the lawn)",0.158876532118858,0.0665697542653101,2.38661737409552,0.0170041784303309,0.183443125609405,0.0788684155264793,2.32593902622294,0.0200218037071091,0.523328271540331,0.0745231994701027,7.02235378058722,2.18161270732533e-12,0.353764485335134,0.0649303866326911,5.44836560632801,5.08347808431731e-08,-0.383602183065257,0.106125615054225,-3.61460504016165,0.000301048971326547,NA,NA,NA,NA,0.941080231637792,0.0789805340140241,11.9153439943909,1.07745230373937e-32,0.0582174844073055,0.0181514330426683,3.20732166272792,0.00134039723352246,-0.0436237410672536,0.00640175998288058,-6.81433561769125,9.57089579547969e-12,-0.0828015097494215,0.0169978927268849,-4.87128087462617,1.11111499050817e-06,0.0676232493368605,0.0184454887727455,3.66611317108488,0.000246500618557906,-0.061745821297988,0.00970520973933973,-6.36213157225273,2.00447383434891e-10,"physical activity","Types of physical activity in last 4 weeks"
"96","6164","f.6164.0.0None of the above",0.340907375225038,0.0709044220445567,4.80798468409784,1.52459442949457e-06,0.504534746966334,0.0799721936843504,6.30887716995395,2.81067063127648e-10,0.515005906140486,0.0776175785336625,6.6351709995324,3.24126553402601e-11,0.605519797240668,0.0647134501472286,9.35693887226008,8.20802437302555e-21,-0.342416424150423,0.127980138500859,-2.67554347230312,0.00746282050943743,NA,NA,NA,NA,1.60396123046466,0.0969413096690255,16.5456938423966,2.39772673980672e-61,0.231026540555508,0.0207686454437217,11.1238135959101,1.01782688660979e-28,-0.0593524279693432,0.00783781259461151,-7.57257554360867,3.71808432828778e-14,-0.15345690211773,0.0195755771488713,-7.83920192751909,4.59580264108604e-15,0.108222921669352,0.0227229580597715,4.76271273241262,1.9150194214787e-06,-0.0871147469440128,0.0116290524148068,-7.49113030336791,6.92460641140672e-14,"physical activity","Types of physical activity in last 4 weeks"
"97","6164","f.6164.0.0Other exercises (eg: swimming, cycling, keep fit, bowling)",0.146931508335483,0.0561035765469689,2.61893300532231,0.0088205268415338,0.0537593995813306,0.0695650029044076,0.772793751697297,0.439644451860857,0.0970405482469752,0.0842315347909731,1.15206909725424,0.249292680635129,0.0172190292089921,0.0636842483247349,0.270381289910024,0.786866932726694,-0.250965964277513,0.0784999137451863,-3.19702216606452,0.00138925378524337,NA,NA,NA,NA,0.314255603671198,0.0564059037558212,5.57132467962215,2.53956110012269e-08,0.0224909677675003,0.0136902247364015,1.64284868952503,0.100418913676222,-0.0136172103756368,0.00461129703549109,-2.95301089277729,0.00314828836228885,-0.0518870796601668,0.0128038160888694,-4.05246992771734,5.07327574875556e-05,-0.0190998574890548,0.0131545163377421,-1.45196197250178,0.146517980805543,-0.00558356101619871,0.00708591404103536,-0.787980348599157,0.430711411992365,"physical activity","Types of physical activity in last 4 weeks"
"98","6164","f.6164.0.0Prefer not to answer",NA,0,NA,NA,NA,0,NA,NA,NA,0,NA,NA,NA,0,NA,NA,NA,NA,NA,NA,NA,NA,NA,NA,NA,NA,NA,NA,NA,NA,NA,NA,NA,NA,NA,NA,NA,NA,NA,NA,NA,NA,NA,NA,NA,NA,NA,NA,"physical activity","Types of physical activity in last 4 weeks"
"99","6164","f.6164.0.0Strenuous sports",-0.107068701885803,0.237113273915822,-0.451550856338029,0.651592580089096,-0.526625996738869,0.31773863268286,-1.65741884231151,0.0974348245412094,-0.289070832413754,0.410146452720232,-0.704799055304605,0.480935296547719,-0.361335376753655,0.27916140162713,-1.29436008935176,0.19554106960333,-0.473821845737427,0.278302937073803,-1.7025398679561,0.088659330620236,NA,NA,NA,NA,-0.396239618138428,0.197686561197548,-2.00438317980789,0.0450337844153508,0.0638990092867983,0.0497183063840415,1.28522095650685,0.198719503937286,0.000186641331249896,0.0163519727562825,0.0114139947535191,0.990893190488762,0.00234787727835857,0.0462212959700077,0.0507964398030309,0.959487868421337,-0.117366077371004,0.0460111607528233,-2.550817572317,0.0107497860330841,0.0113860205975646,0.0247676960805664,0.459712544942703,0.645724282100313,"physical activity","Types of physical activity in last 4 weeks"
"100","670","f.670.0.0A flat, maisonette or apartment",NA,NA,NA,NA,NA,NA,NA,NA,NA,NA,NA,NA,NA,NA,NA,NA,0.133141323146307,0.117686118641105,1.13132563707309,0.257922526488783,NA,NA,NA,NA,-0.197009563864114,0.0878745051462377,-2.24194222813838,0.0249689636681552,NA,NA,NA,NA,0.0141128547098643,0.00703052748671998,2.00736783072426,0.0447155762551401,NA,NA,NA,NA,NA,NA,NA,NA,NA,NA,NA,NA,"household","Type of accommodation lived in"
"101","670","f.670.0.0Mobile or temporary structure (i.e. caravan)",NA,NA,NA,NA,NA,NA,NA,NA,NA,NA,NA,NA,NA,NA,NA,NA,-0.985657817344908,0.665640972333563,-1.48076494433546,0.138674410552945,NA,NA,NA,NA,-0.0165221797676111,0.521460643884953,-0.0316844232855592,0.974723828782796,NA,NA,NA,NA,-0.0958732812481236,0.0411902744596932,-2.32757082844739,0.01993864740855,NA,NA,NA,NA,NA,NA,NA,NA,NA,NA,NA,NA,"household","Type of accommodation lived in"
"102","670","f.670.0.0None of the above",NA,NA,NA,NA,NA,NA,NA,NA,NA,NA,NA,NA,NA,NA,NA,NA,-1.45494749354983,0.624411019226977,-2.33011181537293,0.0198035019509988,NA,NA,NA,NA,-0.0290344953244903,0.474185488210022,-0.0612302485976345,0.951176056207775,NA,NA,NA,NA,-0.0337858914251709,0.0370542840532045,-0.911794473660842,0.361881065224569,NA,NA,NA,NA,NA,NA,NA,NA,NA,NA,NA,NA,"household","Type of accommodation lived in"
"103","680","f.680.0.0Prefer not to answer",NA,0,NA,NA,NA,0,NA,NA,NA,0,NA,NA,NA,0,NA,NA,NA,NA,NA,NA,NA,NA,NA,NA,NA,NA,NA,NA,NA,NA,NA,NA,NA,NA,NA,NA,NA,NA,NA,NA,NA,NA,NA,NA,NA,NA,NA,NA,"household","Own or rent accommodation lived in"
"104","680","f.680.0.0Rent - from local authority, local council, housing association",0.158439265993332,0.0763776076242708,2.07442038211975,0.0380402860022275,0.15853592962346,0.0923719914861768,1.71627705620252,0.0861113455951091,0.581700367055362,0.0752468433852113,7.73056172040948,1.07073061517294e-14,0.506407940305928,0.0700764185875037,7.22651000883531,4.95564120438124e-13,-1.11671790449145,0.145625142103871,-7.66844164653192,1.76678664590889e-14,NA,NA,NA,NA,1.8683348488366,0.112888780476886,16.5502261690138,2.22467498249621e-61,0.116294872849698,0.0231863682942014,5.01565710395369,5.29865950904793e-07,-0.0898249882330906,0.00902022909919173,-9.95817148825406,2.4353162751722e-23,-0.144797238070136,0.0223039250769115,-6.49200701539421,8.52475322838033e-11,0.16971988509065,0.0253544380565001,6.6938925923913,2.19426328408207e-11,-0.125894850322409,0.0137160032152401,-9.17868334869778,4.50224066459091e-20,"household","Own or rent accommodation lived in"
"105","680","f.680.0.0Rent - from private landlord or letting agency",0.181000262067112,0.116161443495231,1.55817848522641,0.119190943623994,0.315792445749438,0.125394147870052,2.51839859445991,0.0117889824676905,0.390426901558569,0.132605326281244,2.94427767351145,0.00323709428516087,0.456103956418152,0.105929480426068,4.30573202647286,1.66434436300352e-05,-0.224950182247279,0.174465800348156,-1.28936549053384,0.197275965034525,NA,NA,NA,NA,1.21000545552229,0.13041160190481,9.27835743023453,1.77966884831123e-20,0.0989896540944137,0.0290682029342433,3.40542737775511,0.000660991297532279,-0.0485255814642145,0.0106858788048968,-4.54109412526535,5.60860375437124e-06,-0.0256653741037168,0.0277804570420199,-0.923864357771225,0.355560031031804,0.11700333060883,0.0298601351703399,3.91837913463467,8.92560011156173e-05,-0.0295978641273243,0.0161886167015023,-1.82831335580252,0.0675076555781461,"household","Own or rent accommodation lived in"
"106","680","f.680.0.0Own with a mortgage",0.0199473375691975,0.0499008767415496,0.39973922046521,0.68934860142708,0.0902274874746572,0.057451061089548,1.57051037463035,0.116296422706135,0.014367547244285,0.071253773103041,0.201639107917947,0.840198869441718,0.123160390369602,0.0505507488840961,2.43637123263964,0.0148354504103972,-0.0893673525148236,0.063874699734026,-1.39910407230013,0.161786885631299,NA,NA,NA,NA,0.619417199016663,0.0455141435279517,13.6093343959391,4.10629710830519e-42,0.00649429497661269,0.0110962661087119,0.585268495995592,0.558369156306398,-0.0252253327470588,0.00368251564672244,-6.85002730932323,7.46386012937944e-12,-0.0398058248019313,0.0103988136151173,-3.82791982578315,0.000129339818629158,0.0432082132922433,0.0104456638054238,4.13647366956304,3.53216147802801e-05,-0.00771790091783676,0.00569836845873615,-1.35440538352771,0.175612342552945,"household","Own or rent accommodation lived in"
"107","680","f.680.0.0Pay part rent and part mortgage (shared ownership)",0.0284940552257202,0.409191527808486,0.069635007787982,0.944484172374766,-0.299406575954885,0.578524548552929,-0.517534781719799,0.604782895353436,0.434526521283179,0.410709808445269,1.05798915036402,0.290060388822437,0.990648963153946,0.260586010105191,3.80161990566588,0.000143753140505242,-0.9461834582474,0.52285650622176,-1.8096426973524,0.0703561573498546,NA,NA,NA,NA,1.53938606181662,0.381597976776936,4.03405194864664,5.48950703318488e-05,-0.146714115020764,0.090724766330216,-1.61713411844744,0.105854018850191,-0.0843531093641087,0.0305395935001243,-2.76209011635225,0.0057452393371557,0.143557264070444,0.0841717329538729,1.7055281985119,0.088100260953702,0.109568620044648,0.0878314891999297,1.24748676178356,0.212224473595209,0.0185928998173762,0.0483302404257109,0.384705303627769,0.700457171951004,"household","Own or rent accommodation lived in"
"108","680","f.680.0.0Live in accommodation rent free",-0.450098726222264,0.302646049346726,-1.48721163614665,0.136958923750865,0.100032931847735,0.269498034069904,0.371182417686163,0.710501667852261,0.170631043591409,0.304358651033795,0.560624917385583,0.575053261415945,0.423762850536476,0.215421997900426,1.96712895928275,0.0491683454112546,-0.620902089700248,0.335549386448251,-1.85040448523068,0.0642601280657375,NA,NA,NA,NA,0.983747991897694,0.24340241592479,4.04165253726022,5.31459263126388e-05,0.0756858456315232,0.058217251717353,1.30005871797214,0.193585296153825,-0.0204440932927868,0.0199537758580499,-1.02457266425287,0.305569542261809,0.0195655649381855,0.0539698611918536,0.362527612747294,0.716958854466078,0.176246170221919,0.0563276249285069,3.12894730508552,0.00175526970288287,-0.0761353632863132,0.030940395380472,-2.46071074238327,0.0138690948203389,"household","Own or rent accommodation lived in"
"109","680","f.680.0.0None of the above",-0.184818484614561,0.334404442302768,-0.552679513890033,0.580482883708972,-0.131330824154909,0.379580227681376,-0.345989634278711,0.729350504861458,0.476283556992816,0.319011630672375,1.4929974684276,0.135437849574372,0.810279966502454,0.226166419674851,3.58267141367563,0.000340098301668278,0.205961281147624,0.413117101063668,0.498554237085146,0.618095257321243,NA,NA,NA,NA,1.16354785629962,0.301313052042518,3.86159128657804,0.000112776112755841,0.112079298819423,0.0679962977009813,1.64831472607964,0.0992927708389544,-0.04856062682474,0.0238344123873076,-2.03741657380233,0.0416132687453895,-0.0329993372253992,0.0640923870236524,-0.514871402951824,0.606644462247059,0.160592128590523,0.0693178983562139,2.31674837810669,0.0205211598277412,-0.032793632294047,0.037711124240088,-0.869601025025567,0.384522066038596,"household","Own or rent accommodation lived in"
"110","699","f.699.0.0",NA,NA,NA,NA,NA,NA,NA,NA,NA,NA,NA,NA,NA,NA,NA,NA,-0.0115350614709706,0.00244652898197675,-4.71486810740763,2.42403580515761e-06,0.0746933881214803,0.00635313876560774,11.7569269108094,6.9774255442494e-32,0.0114750288822303,0.00174310013544835,6.58311513427699,4.64703701585186e-11,NA,NA,NA,NA,NA,NA,NA,NA,NA,NA,NA,NA,NA,NA,NA,NA,NA,NA,NA,NA,"household","Length of time at current address"
"111","709","f.709.0.0",NA,NA,NA,NA,NA,NA,NA,NA,NA,NA,NA,NA,NA,NA,NA,NA,NA,NA,NA,NA,-0.194912486948854,0.0643959374035601,-3.02678235316873,0.00247262765833297,-0.0449813338504449,0.0173747215178887,-2.5888952409472,0.00963090078917817,NA,NA,NA,NA,NA,NA,NA,NA,NA,NA,NA,NA,NA,NA,NA,NA,0.00921857842336738,0.00216289091400714,4.26215597081979,2.02782439979318e-05,"household","Number in household"
"112","864","f.864.0.0",NA,NA,NA,NA,NA,NA,NA,NA,NA,NA,NA,NA,NA,NA,NA,NA,NA,NA,NA,NA,NA,NA,NA,NA,-0.0728175674398563,0.0110383297050699,-6.59679221272138,4.23837470318737e-11,NA,NA,NA,NA,0.00617135865918309,0.000903019777586388,6.83413454761538,8.33903150327086e-12,NA,NA,NA,NA,-0.00836814390476838,0.00257122097958612,-3.25454092480039,0.00113645549307711,NA,NA,NA,NA,"physical activity","Number of days/week walked 10+ minutes"
"113","874","f.874.0.0",NA,NA,NA,NA,NA,NA,NA,NA,NA,NA,NA,NA,NA,NA,NA,NA,-0.00195908933671437,0.000333068547406914,-5.88194037523733,4.07601975786326e-09,NA,NA,NA,NA,-0.000666319349109863,0.00024999870475044,-2.6652912053085,0.00769435060320595,NA,NA,NA,NA,7.22806825664904e-05,2.02418830268052e-05,3.57084775516059,0.000356142310683628,NA,NA,NA,NA,-0.000150091578873854,5.83309191607888e-05,-2.57310498502737,0.0100817032004184,NA,NA,NA,NA,"physical activity","Duration of walks"
"114","884","f.884.0.0",NA,NA,NA,NA,NA,NA,NA,NA,NA,NA,NA,NA,-0.0251118673713126,0.00871650700873542,-2.88095533522157,0.00396471819778764,NA,NA,NA,NA,NA,NA,NA,NA,-0.0781572663905172,0.00894347239384347,-8.73902919903004,2.41413898421433e-18,-0.0044071510074603,0.0020613376493934,-2.13800539118723,0.0325198956766907,0.00502382927166405,0.000721454559202774,6.96347290010269,3.35835634023137e-12,0.00789006080750076,0.00177194952712715,4.45275708292484,8.49015985258776e-06,-0.00892982845008995,0.0020854826471568,-4.28190014540003,1.85623147527263e-05,0.00247369804195925,0.001097996306372,2.25292018525348,0.0242678923374498,"physical activity","Number of days/week of moderate physical activity 10+ minutes"
"115","904","f.904.0.0",NA,NA,NA,NA,NA,NA,NA,NA,NA,NA,NA,NA,-0.0543047147846898,0.0117321480787995,-4.6287103111851,3.67950060753471e-06,NA,NA,NA,NA,0.0935950041574613,0.0358139512805457,2.61336716030835,0.00896743341733574,-0.121709744735161,0.010889250365848,-11.1770544937492,5.66392839859691e-29,-0.0148169487739438,0.00263009511587967,-5.63361708269935,1.77170970078921e-08,0.0122055877606101,0.000881353448358138,13.8486866799555,1.54306306812683e-43,NA,NA,NA,NA,-0.0262232780350696,0.00253012225943936,-10.3644311800491,3.79962645025631e-25,0.00862295982862412,0.00138773188590327,6.21370735674309,5.20984732356513e-10,"physical activity","Number of days/week of vigorous physical activity 10+ minutes"
"116","assesment_center","assesment_center",0.0197721226587293,0.00359522641310541,5.49954867561483,3.80764587902334e-08,0.0108122208987754,0.00433606130084946,2.49355812766237,0.012646987481392,0.0171641595953955,0.00511647988759945,3.35468133804168,0.000794564564098023,0.00986220405268059,0.00393237691059367,2.5079498422728,0.012143390309779,-0.00795419159743549,0.00504452464512214,-1.57679705363852,0.114847440180372,0.183206067791461,0.0135920454169407,13.4789181592286,2.34769367918046e-41,0.00914262401530271,0.00366129479359235,2.49710130724881,0.0125241359581315,0.0118846820970973,0.000842616949166702,14.1044897196176,4.13263930734228e-45,0.00240371809842653,0.000287243119157125,8.36823560989001,5.98934025033886e-17,0.00101267234944453,0.000827367519653403,1.22396918586888,0.220967847770636,-0.00202303078833545,0.000847676077699622,-2.38656114234749,0.017010196240848,-0.00510298877323952,0.000460504420276553,-11.0813024773464,1.65117682011818e-28,NA,NA
"117","pc1","pc1",0.00701079660584887,0.0118126035035645,0.593501390589578,0.552845652621758,-0.0338188530372625,0.0142918233744255,-2.36630779371229,0.0179665006168324,-0.019613344216719,0.0162316996345669,-1.20833582793453,0.226918112578754,0.0198163077428882,0.0122858571920735,1.61293651986067,0.106758299978101,0.0423162761029732,0.0162092492184575,2.61062529995452,0.00903990593085054,-0.0256017528271621,0.0446960524719043,-0.572796732849176,0.566784193507837,0.00304636156744836,0.0115362657747901,0.264068254573805,0.791728286447492,8.20639256191832e-06,0.00285377710970625,0.00287562491618802,0.997705594959462,-0.000348024290700849,0.000944592272562284,-0.368438638352191,0.712547662195077,-0.00667162341839333,0.00266815874758907,-2.50045969881731,0.0124054241651399,-0.00117974342249149,0.0026894138563074,-0.438661911302597,0.660908282038473,0.00367895781325555,0.00146796025023333,2.50616991343655,0.0122074029826,NA,NA
"118","pc2","pc2",0.00134525780383656,0.0121678116197454,0.110558730351605,0.911966275195624,-0.00142636420899562,0.0147464694058838,-0.0967258107507758,0.922944141919314,0.0116377229300994,0.0166299650502745,0.699804412992878,0.484049458431862,-0.00826249236549032,0.0127404384797413,-0.648524960787544,0.516645471959751,0.00396372891714074,0.0167983044736368,0.235960059145338,0.813464459262732,-0.0485306408387772,0.0462873817098169,-1.0484637291222,0.294428668606778,-0.00596598496265898,0.011936661685298,-0.499803472691791,0.61721540802321,-0.00271273264744736,0.00295077120503072,-0.919330052707059,0.357926257157989,-0.000772143095768761,0.000974445777940452,-0.792392058387005,0.428135653616451,-0.00156226590499185,0.00276506038043167,-0.565002455659921,0.572073850121109,-0.00582916273248301,0.00278339820831008,-2.09426114994238,0.0362413659187565,-0.00106072164965082,0.00151964577336437,-0.698005856524357,0.485176321962425,NA,NA
"119","pc3","pc3",-0.00229923206321416,0.0116840609196244,-0.196783642179783,0.843996852473786,0.0182324967950559,0.0141182384479784,1.29141442554872,0.196560011111748,0.024691664200283,0.0160290347713726,1.54043362887836,0.123454689472085,0.00110737069497105,0.0121973418952141,0.0907878703806402,0.927661148280067,0.000168959307422791,0.0161264373131485,0.0104771626951374,0.991640621007578,-0.0885575501777818,0.0444970623900614,-1.99018868709772,0.046574083799989,0.00643142369465864,0.0114621852965042,0.561099260593889,0.574732093414277,-0.00249644637481091,0.00283543340863504,-0.880446131165774,0.378620818330268,-0.00104677428158673,0.000937106465989407,-1.11702812815568,0.263987359924917,0.00161334429004165,0.00265130105785279,0.608510408602276,0.542850919860225,-0.00161756891845499,0.00266991599329635,-0.605850117575381,0.544616828859184,-0.00246880805691213,0.00146006740820659,-1.69088635431194,0.0908638678895037,NA,NA
"120","pc4","pc4",0.00574115766878084,0.0065269290190436,0.879610863245162,0.379070151900482,0.0158566289677027,0.00786968725591057,2.01489950643128,0.0439151797366327,0.0145158508323357,0.0090863438264797,1.59754584567152,0.110144086843972,0.00774718099753962,0.00701171937705607,1.10489033872208,0.269207109241994,-0.0964885063981974,0.00942787967884784,-10.2343803362994,1.45627592913443e-24,-0.0173085641556525,0.0253048481866045,-0.684001896712229,0.493976259735416,0.0183063016139966,0.00671218295257023,2.72732458923616,0.00638698683260791,-0.000454584970135326,0.00158929974467025,-0.286028467354749,0.774857198281773,-2.76590920181862e-05,0.00054664781632146,-0.0505976447583961,0.95964633021635,-0.00344887444334891,0.00150050708947664,-2.29847260805135,0.0215377493549038,-0.00261227413178627,0.001565451157817,-1.66870369525233,0.0951819055316765,-0.00328657625461216,0.000855361251164986,-3.84232539191588,0.000122003472899259,NA,NA
