topSNP,CHR,BP,A0,A1,MAF,beta,se,p,closest_gene,all_locus_genes
rs13135092,4,103198082,G,A,0.08549,-0.0276327,0.00300229,3.5e-20,SLC39A8,"SLC39A8, BANK1"
rs4587178,6,98421991,C,T,0.3549,-0.0147404,0.00169756,3.8e-18,RP11-436D23.1,RP11-436D23.1
rs2280406,3,49941436,A,G,0.4911,-0.0135665,0.00164699,1.8e-16,CTD-2330K9.3,"CTD-2330K9.3, MON1A, MST1R, CAMKV, TRAIP, RBM6, RBM5, IP6K1, SEMA3F, AMIGO3, GMPPB, RNF123, CDHR4, FAM212A, UBA7, MST1, BSN, CACNA2D2, CYB561D2, TMEM115, XXcos-LUCA11.5, APEH, GNAT1, GPX1, USP4, RHOA, DAG1, AMT, NICN1, TCTA, GNAI2, HYAL1, HYAL3, IFRD2, NAT6"
18:21101658_TC_T,18,21101658,T,TC,0.492,0.013636,0.00167941,4.7e-16,"C18orf8, NPC1","C18orf8, NPC1, RIOK3, TMEM241"
10:22102320_CT_C,10,22102320,C,CT,0.2992,0.016797,0.00211497,2e-15,DNAJC1,"DNAJC1, MLLT10, SKIDA1, CASC10"
rs142724574,16,28551871,AAGTGAAGACAGGATACTTG,A,0.3111,-0.013856,0.00175454,2.9e-15,NUPR1,"NUPR1, CCDC101, ATXN2L, SH2B1, TUFM, NPIPB8, SULT1A2, APOBR, CLN3, IL27, SULT1A1, ATP2A1, NPIPB6, SBK1, EIF3C, NPIPB9, EIF3CL, NPIPB7, RABEP2, CD19, NFATC2IP, LAT, SPNS1"
1:98427843_CT_C,1,98427843,C,CT,0.1312,-0.0194775,0.00251449,9.5e-15,RP11-490G2.2,"RP11-490G2.2, DPYD"
rs1260326,2,27730940,C,T,0.4105,0.0126679,0.00168011,4.7e-14,GCKR,"GCKR, EIF2B4, PPM1G, SNX17, ZNF513, AC109829.1, NRBP1, KRTCAP3, IFT172, GTF3C2, FNDC4, C2orf16, ZNF512, CCDC121, GPN1, MPV17, SLC4A1AP, SUPT7L, TCF23, SLC30A3, AC110084.1, CENPA, MRPL33, RBKS, CAD, AC074091.13, SLC5A6, TRIM54, UCN, ATRAID, CGREF1, KHK, DNAJC5G, BRE"
rs71383766,16,30930233,T,C,0.4364,0.0128517,0.00172476,9.2e-14,FBXL19-AS1,"FBXL19, FBXL19-AS1, STX4, STX1B, AC135048.1, HSD3B7, SETD1A, ORAI3, ZNF668, ZNF646, PRSS53, RP11-196G11.1, VKORC1, BCKDK, KAT8, PRSS36, PRSS8, BCL7C, CTF1"
rs1229984,4,100239319,C,T,0.02883,0.0393705,0.00533924,1.7e-13,ADH1B,"ADH1B, ADH5, ADH6"
rs140386112,4,3273010,GTT,G,0.05865,-0.0226632,0.00311657,3.5e-13,MSANTD1,"MSANTD1, HTT, RGS12, ADD1, MFSD10, NOP14, GRK4, HGFAC, SH3BP2"
rs4660293,1,40028180,G,A,0.2346,-0.0137634,0.00193867,1.3e-12,PABPC4,"PABPC4, HEYL, BMP8A, MACF1, KIAA0754"
rs806790,6,26218920,A,G,0.4662,0.0119256,0.00168866,1.6e-12,HIST1H2AE,"HIST1H2AE, HIST1H2BG, HIST1H3E, HIST1H2AC, HIST1H2BD, HIST1H2AD, HIST1H2BF, HIST1H3D, HIST1H4E, HIST1H1E, HIST1H1D, HIST1H2BE, HIST1H4D, HIST1H4H, HIST1H2BH, HIST1H3F, HIST1H4F, HIST1H4G, HIST1H2BI, HIST1H3G"
10:126713714_GAA_G,10,126713714,G,GAA,0.4225,-0.0118884,0.0016827,1.6e-12,CTBP2,"CTBP2, ZRANB1"
rs6940215,6,34706358,A,G,0.3111,-0.0127163,0.00182362,3.1e-12,RP3-375P9.2,"RP3-375P9.2, C6orf106, UHRF1BP1, SNRPC, ANKS1A, SCUBE3, TCP11, PACSIN1, ZNF76"
rs117799466,15,34659517,C,G,0.3718,0.012508,0.00180659,4.4e-12,LPCAT4,"LPCAT4, NUTM1"
rs784257,18,53397199,C,T,0.1869,-0.0146564,0.00212398,5.2e-12,RP11-397A16.1,"RP11-397A16.1, TCF4"
rs56203712,4,25342606,G,A,0.2137,0.0136908,0.0019857,5.4e-12,ZCCHC4,"ZCCHC4, ANAPC4"
rs748891964,4,140939449,G,GT,0.3668,0.0113992,0.0016989,1.9e-11,MAML3,MAML3
rs801732,11,65935502,A,T,0.3579,0.011388,0.00171785,3.4e-11,PACS1,"PACS1, CNIH2, RAB1B, TMEM151A, YIF1A, KLC2, RP11-1167A19.2, SF3B2, GAL3ST3"
4:55530748_ATTATTTAT_A,4,55530748,A,ATTATTTAT,0.4354,0.0109052,0.00168018,8.6e-11,KIT,KIT
rs79847714,2,193865203,C,T,0.2535,0.0127589,0.00196757,8.9e-11,PCGEM1,PCGEM1
rs2447098,17,2277720,A,C,0.4901,-0.0107221,0.00166043,1.1e-10,SGSM2,"MNT, SGSM2, METTL16"
rs4790292,17,1824305,A,C,0.1441,0.0147248,0.00228733,1.2e-10,RTN4RL1,RTN4RL1
rs1503531,5,62931313,C,T,0.329,-0.0113488,0.00176818,1.4e-10,RP11-158J3.2,RP11-158J3.2
rs11374827,5,63808696,AT,A,0.2117,0.0127139,0.00198336,1.5e-10,RGS7BP,"RGS7BP, RNF180"
rs147633738,1,156320524,T,C,0.05268,-0.0211222,0.00331633,1.9e-10,CCT3,"CCT3, TSACC, BGLAP, PAQR6, PMF1-BGLAP, SMG5"
rs12517564,5,104026675,C,G,0.1809,0.0140437,0.00221303,2.2e-10,RP11-6N13.1,RP11-6N13.1
rs7084062,10,133736636,G,A,0.4414,-0.0104866,0.00166457,3e-10,PPP2R2D,"PPP2R2D, BNIP3"
rs547667,13,30651698,C,G,0.2654,0.0118992,0.00189934,3.7e-10,LINC00365,LINC00365
rs11203762,8,12568992,G,T,0.165,0.0139134,0.00224015,5.3e-10,OR7E10P,"OR7E10P, LONRF1"
rs112143304,17,61822401,A,T,0.2604,0.0115666,0.00186235,5.3e-10,RP11-51F16.8,"CCDC47, RP11-51F16.8, STRADA, MAP3K3, TACO1, LIMD2, DDX42, FTSJ3, PSMC5, SMARCD2, KCNH6, DCAF7, CSH2, ACE, GH2, CSH1, CSHL1, GH1, CD79B, SCN4A"
rs55836224,2,23895597,C,T,0.2177,-0.0125869,0.00203643,6.4e-10,KLHL29,"KLHL29, ATAD2B, MFSD2B, UBXN2A, C2orf44, FAM228B, RP11-507M3.1, FKBP1B, SF3B14, TP53I3, PFN4"
rs11171747,12,56518408,G,T,0.3797,-0.0104573,0.00169278,6.5e-10,"ESYT1, RP11-603J24.5","ESYT1, RPL41, ZC3H10, IKZF4, RPS26, ERBB3, PA2G4, RP11-603J24.9, SUOX, MYL6B, RAB5B, MYL6, SMARCC2, CDK2, PMEL, NABP2, RNF41"
rs3026108,17,5283909,T,C,0.09841,-0.0176876,0.00289295,9.7e-10,"RABEP1, NUP88","NUP88, RABEP1, C1QBP, DHX33, RPAIN"
rs11223560,11,133561399,A,G,0.3837,0.0102862,0.00168574,1e-09,RP11-448P19.1,RP11-448P19.1
rs1896297,2,60738227,T,C,0.3658,-0.0106422,0.00174524,1.1e-09,BCL11A,BCL11A
rs78648104,6,50683009,C,T,0.1173,0.0178275,0.00293634,1.3e-09,TFAP2D,"TFAP2D, TFAP2B"
rs12046990,1,243617847,C,A,0.1054,0.015969,0.00263803,1.4e-09,SDCCAG8,SDCCAG8
rs61903695,11,89922417,G,A,0.2654,-0.0114416,0.00188869,1.4e-09,NAALAD2,"NAALAD2, CHORDC1"
rs9694368,8,144240257,G,C,0.3917,0.01015,0.00168215,1.6e-09,LY6H,LY6H
rs11895772,2,100938917,C,G,0.4573,0.00989365,0.00164927,2e-09,LONRF2,"LONRF2, AC012493.2, CHST10"
rs13029509,2,215374209,A,G,0.4553,-0.00983008,0.00164631,2.4e-09,"AC107218.3, VWC2L","VWC2L, SPAG16"
14:73650000_AT_A,14,73650000,A,AT,0.3877,-0.0102818,0.00172336,2.4e-09,PSEN1,"PSEN1, NUMB, PAPLN"
rs28694505,18,38273175,T,C,0.2187,-0.0122272,0.00205071,2.5e-09,RNU7-145P,RNU7-145P
rs721502,6,16963124,T,G,0.2396,0.0116861,0.00196192,2.6e-09,STMND1,STMND1
rs72717613,1,174769070,G,A,0.2465,-0.0114362,0.00192303,2.7e-09,RABGAP1L,"RABGAP1L, CACYBP, MRPS14, GPR52, RC3H1"
rs62381131,5,120211759,T,A,0.4245,0.00997068,0.00167809,2.8e-09,CTD-2334D19.1,CTD-2334D19.1
rs12613495,2,181809596,C,T,0.1332,-0.0145395,0.00245208,3e-09,AC104076.2,AC104076.2
rs2244598,1,216681000,C,T,0.3658,0.00998349,0.00169233,3.7e-09,ESRRG,ESRRG
6:33298771_CT_C,6,33298771,C,CT,0.4702,-0.0100046,0.0016965,3.7e-09,DAXX,"DAXX, ZBTB22, TAPBP, PFDN6, RGL2, B3GALT4, WDR46, RPS18"
rs10135248,14,104122310,C,T,0.3946,0.010046,0.00170441,3.8e-09,"KLC1, RP11-73M18.2","KLC1, RP11-73M18.2, AL049840.1, XRCC3, ZFYVE21, APOPT1, BAG5, PPP1R13B, TRMT61A"
rs56260602,4,1664944,T,G,0.2594,0.0110945,0.00189191,4.5e-09,FAM53A,FAM53A
rs566199926,11,47933630,CTGTGTGTG,C,0.4056,0.0120685,0.00206227,4.9e-09,RP11-793I11.1,"RP11-793I11.1, CELF1, C1QTNF4, FAM180B, NDUFS3, MTCH2, KBTBD4, PTPMT1, FNBP4, NUP160, AGBL2, RAPSN, SPI1, MYBPC3, PSMC3, SLC39A13"
rs8057487,16,26172700,T,A,0.499,-0.00966913,0.00165333,5e-09,HS3ST4,HS3ST4
rs17621391,7,140176596,C,T,0.2913,0.0108742,0.00186253,5.3e-09,MKRN1,"MKRN1, RAB19"
rs57951376,11,43669653,CA,C,0.339,-0.0104054,0.00178467,5.5e-09,HSD17B12,HSD17B12
rs2186782,11,95649543,A,G,0.3777,0.00991223,0.0017047,6.1e-09,MTMR2,"MTMR2, CEP57, FAM76B"
rs2290338,3,85362101,C,T,0.2097,0.0118586,0.00204611,6.8e-09,CADM2,CADM2
rs2653364,6,55165290,T,C,0.1471,0.0126373,0.00218672,7.5e-09,HCRTR2,"HCRTR2, GFRAL"
rs7872606,9,135782277,C,G,0.08549,0.0163726,0.00284035,8.2e-09,TSC1,"TSC1, AK8, C9orf9, GFI1B"
rs11718871,3,71607159,C,G,0.4284,0.00959529,0.001667,8.6e-09,FOXP1,FOXP1
rs12089815,1,91189933,A,G,0.499,0.00951012,0.00165533,9.2e-09,BARHL2,BARHL2
rs10787738,10,118777371,T,C,0.2724,-0.0110238,0.0019186,9.2e-09,KIAA1598,"KIAA1598, ENO4, VAX1"
rs1025128,2,60175475,C,G,0.4245,-0.00955074,0.00166496,9.7e-09,RP11-444A22.1,RP11-444A22.1
rs893583,9,87290173,A,G,0.4205,0.00940568,0.00165688,1.4e-08,NTRK2,NTRK2
rs10907231,1,16851440,T,C,0.3191,0.00966008,0.00170619,1.5e-08,RP4-798A10.4,"RP4-798A10.4, FAM231B"
rs56975726,13,111973353,G,A,0.335,-0.00985847,0.00174199,1.5e-08,TEX29,TEX29
rs563296,10,99772404,A,G,0.4414,-0.00937664,0.00166022,1.6e-08,CRTAC1,CRTAC1
rs57001955,5,153153642,C,A,0.492,0.00936579,0.00166144,1.7e-08,GRIA1,GRIA1
rs198661,6,143183694,T,C,0.2137,0.0116629,0.00207753,2e-08,HIVEP2,HIVEP2
rs12029437,1,5142629,G,C,0.3022,-0.0100169,0.0017909,2.2e-08,RP11-542C10.1,RP11-542C10.1
rs35039375,1,171516863,G,A,0.07853,-0.0160644,0.00287077,2.2e-08,PRRC2C,PRRC2C
rs116988169,8,143514747,T,C,0.01789,0.0316776,0.00565905,2.2e-08,BAI1,"BAI1, TSNARE1"
rs753134554,4,68058555,G,GTC,0.1382,-0.0136987,0.00245187,2.3e-08,RP11-584P21.2,RP11-584P21.2
rs12761729,10,107619932,C,T,0.2604,0.010563,0.00189604,2.5e-08,RP11-56I23.1,RP11-56I23.1
rs192006342,20,37720653,T,C,0.000994,-0.0961265,0.0172635,2.6e-08,DHX35,"DHX35, ACTR5, PPP1R16B, BPI, LBP, RALGAPB"
rs536813190,10,76958535,CA,C,0.4245,-0.00945333,0.00170041,2.7e-08,VDAC2,"DUSP13, VDAC2, SAMD8, COMTD1"
rs9879773,3,84746042,T,G,0.1352,-0.0143981,0.00259465,2.9e-08,LINC00971,LINC00971
rs56259873,16,69789196,T,C,0.1441,-0.0122442,0.00221039,3e-08,NOB1,"NOB1, WWP2, NQO1, NFAT5"
6:69828346_GC_G,6,69828346,G,GC,0.4155,-0.00926735,0.00167627,3.2e-08,BAI3,BAI3
rs11998578,8,95582055,T,G,0.3738,0.00992987,0.00179818,3.3e-08,RP11-267M23.4,"RP11-267M23.4, AC023632.1, KIAA1429, RAD54B"
rs350832,19,4069426,A,G,0.2266,-0.0108517,0.00197106,3.7e-08,ZBTB7A,"ZBTB7A, MAP2K2, AC016586.1, PIAS4"
rs3806114,6,20482335,A,G,0.2922,0.00972301,0.00176764,3.8e-08,E2F3,E2F3
rs4492371,8,35199674,A,G,0.4602,0.00911768,0.00165887,3.9e-08,UNC5D,UNC5D
rs79343067,17,42196464,C,T,0.04473,-0.0249885,0.00454646,3.9e-08,"HDAC5, RP11-546M21.6","HDAC5, ASB16, ATXN7L3, TMUB2, C17orf53, LSM12, TMEM101, PYY, MPP2, CD300LG, MPP3, GRN, FAM171A2, ITGA2B"
5:167024169_TC_T,5,167024169,T,TC,0.3012,0.00980738,0.00179063,4.3e-08,TENM2,TENM2
rs10961617,9,14609567,A,G,0.3946,-0.00920464,0.0016855,4.7e-08,ZDHHC21,ZDHHC21
